title,link,category,publication_time,readers
"Gate.io Opens Fractal Bitcoin (FB) Deposits: Deposit Now to Share $20,000 Rewards",https://www.gate.io/announcements/article/39173,Activities,10 hours 38 min 10 sec ago,9316
"New Airdrop Project ‚ÄúNeiroETH‚Äù in Gate Web3 Tasks: Share 30,000 $NEIRO Tokens, Complete All Tasks to Win a Chance to Receive Rewards!",https://www.gate.io/announcements/article/39161,Activities,16 hours 37 min 56 sec ago,2085
"Gate.io Convert Trading Blitz #2: Dive into the $10,000 Prize Pool with 0 Trading Fees",https://www.gate.io/announcements/article/39159,Activities,17 hours 11 min 20 sec ago,3430
"Gate.io HMSTR Trading League: Form a Team, Trade to Split $15,000",https://www.gate.io/announcements/article/39152,Activities,19 hours 59 min 27 sec ago,3385
"Gate.io Answer & Earn: Take the Quiz on Spectral (SPEC) to Share 1,304 SPEC Prizes",https://www.gate.io/announcements/article/39149,Activities,22 hours 11 min 42 sec ago,6404
Gate Web3 Tasks PoP Planet Airdrop Project Award Results,https://www.gate.io/announcements/article/39135,Activities,1 day ago,2505
Gate Web3 Tasks Over Protocol Airdrop Project Award Results,https://www.gate.io/announcements/article/39134,Activities,1 day ago,2195
"Gate.io Answer & Earn: Take the Quiz on ELYSIA(EL) to Share 300,000 EL Prizes",https://www.gate.io/announcements/article/39132,Activities,1 day ago,6961
Gate.io Lock USDT & Earn: 150% APR Exclusively for New Users,https://www.gate.io/announcements/article/39128,Activities,1 day ago,3433
üì¢ [Product Update] Gate.io Bots Upgrade: Keep up With Market Trends to Win Big!,https://www.gate.io/announcements/article/39127,Activities,1 day ago,3692
"Gate.io Answer & Earn: Take the Quiz on Catizen (CATI) to Share $50,000 CATI Prizes",https://www.gate.io/announcements/article/39125,Activities,1 day ago,37294
"Gate Learn Daily Study Challenge: Study, Quiz, and Compete for a $10,000 Prize PoolÔºÅ",https://www.gate.io/announcements/article/39122,Activities,1 day ago,1698
"Gate.io Animal Meme Frenzy: CATI vs. HMSTR, Ally Up and Win $50,000 Prizes",https://www.gate.io/announcements/article/39118,Activities,2 day ago,11806
"Gate.io Bi-Weekly Report (August 16-31, 2024)",https://www.gate.io/announcements/article/38963,Bi-Weekly Report,2024-09-02 UTC,2980
"Gate.io Bi-Weekly Report (August 1-15, 2024)",https://www.gate.io/announcements/article/38636,Bi-Weekly Report,2024-08-17 UTC,9561
"Gate.io Bi-Weekly Report (July 16-31, 2024)",https://www.gate.io/announcements/article/38317,Bi-Weekly Report,2024-08-01 UTC,10100
"Gate.io Bi-Weekly Report (July 1-15, 2024)",https://www.gate.io/announcements/article/37932,Bi-Weekly Report,2024-07-17 UTC,7932
"Gate.io Bi-Weekly Report (June 16-30, 2024)",https://www.gate.io/announcements/article/37599,Bi-Weekly Report,2024-07-02 UTC,7093
"Gate.io Bi-Weekly Report (June 1-15, 2024)",https://www.gate.io/announcements/article/37292,Bi-Weekly Report,2024-06-17 UTC,5549
"Gate.io Bi-Weekly Report (May 16-31, 2024)",https://www.gate.io/announcements/article/36944,Bi-Weekly Report,2024-06-02 UTC,15337
Earn 30 USDT Cashback with Bank Transfer on Gate Connect!,https://www.gate.io/announcements/article/36677,Bi-Weekly Report,2024-05-20 UTC,196859
"Gate.io Bi-Weekly Report (May 1-15, 2024)",https://www.gate.io/announcements/article/36627,Bi-Weekly Report,2024-05-16 UTC,11108
"Gate.io Bi-Weekly Report (April 16-30, 2024)",https://www.gate.io/announcements/article/36345,Bi-Weekly Report,2024-05-01 UTC,11555
"Gate.io Bi-Weekly Report (April 1-15, 2024)",https://www.gate.io/announcements/article/35969,Bi-Weekly Report,2024-04-16 UTC,17922
"Gate.io Bi-Weekly Report (March 16-31, 2024)",https://www.gate.io/announcements/article/35596,Bi-Weekly Report,2024-04-02 UTC,18423
"Gate.io Bi-Weekly Report (March 01-15, 2024)",https://www.gate.io/announcements/article/35155,Bi-Weekly Report,2024-03-16 UTC,20147
"Gate.io Bi-Weekly Report (February 16-29, 2024)",https://www.gate.io/announcements/article/34820,Bi-Weekly Report,2024-03-01 UTC,14778
"Gate.io Bi-Weekly Report (February 01-15, 2024)",https://www.gate.io/announcements/article/34624,Bi-Weekly Report,2024-02-19 UTC,16349
Gate.io Unified Account to Launch the Fourth Batch of Tiered Borrowing Maintenance Margin Rate on September 12th,https://www.gate.io/announcements/article/39147,Institutional & VIP,1 day ago,3815
"SOCCER2050 Match: The Prediction Game is Live, Exciting Showdown Await",https://www.gate.io/announcements/article/39145,Institutional & VIP,1 day ago,4832
SOCCER2050 On-site Audience Recruitment,https://www.gate.io/announcements/article/39117,Institutional & VIP,2 day ago,10016
SOCCER2050 - Player Recruitment is ON!,https://www.gate.io/announcements/article/39035,Institutional & VIP,2024-09-04 UTC,19279
Gate.io Unified Account to Launch the Third Batch of Tiered Borrowing Maintenance Margin Rate on August 28th,https://www.gate.io/announcements/article/38815,Institutional & VIP,2024-08-26 UTC,3444
Gate.io VIP Customer Referral Program Continues: Enjoy High Commission + Unlimited Cash Reward,https://www.gate.io/announcements/article/38747,Institutional & VIP,2024-08-21 UTC,8726
Gate.io Unified Account Adds New Collateral Coins on August 21st,https://www.gate.io/announcements/article/38720,Institutional & VIP,2024-08-21 UTC,3865
Gate Global Taker Incentive Program: Futures & Spot Taker Rates Update (2024.9.1),https://www.gate.io/announcements/article/38656,Institutional & VIP,2024-08-19 UTC,4894
"New Gate.io VIP Upgrade, Participate in the Ultimate Experience with the Lowest 0% Fee!",https://www.gate.io/announcements/article/38570,Institutional & VIP,2024-08-14 UTC,38277
GMMC Market Maker Program - Updates to Trading Pairs and Quoting Requirements,https://www.gate.io/announcements/article/38434,Institutional & VIP,2024-08-07 UTC,3585
Gate.io API Rate Limit Policy Update for Enhanced Perpetual Futures Trading,https://www.gate.io/announcements/article/38255,Institutional & VIP,2024-07-30 UTC,7808
"5th API Trading Carnival Launches, Win $100,000 Bonus +  iPhone 15 Pro Max!",https://www.gate.io/announcements/article/37952,Institutional & VIP,2024-07-18 UTC,5334
"Gate Institutional Loan Program, with up to $10 Million Interest-Free Loans for VIP clients",https://www.gate.io/announcements/article/37720,Institutional & VIP,2024-07-08 UTC,12624
"Gate.io Broker Program Continues, Exclusive Commission Rebate Offer!",https://www.gate.io/announcements/article/37715,Institutional & VIP,2024-07-05 UTC,18714
Gate.io Unified Account to Launch the Second Batch of Tiered Borrowing Maintenance Margin Rate on July 11th,https://www.gate.io/announcements/article/37645,Institutional & VIP,2024-07-03 UTC,7629
"Gate Research: Bitcoin Mining Difficulty Hits All-Time High, ENS Partners with PayPal",https://www.gate.io/announcements/article/39174,Gate Learn,10 hours 33 min 33 sec ago,2663
"Gate ResearchÔºöBitcoin Rebounds Today, Friend.Tech Under Fire for Soft Rug",https://www.gate.io/announcements/article/39142,Gate Learn,1 day ago,2574
"Gate Learn Must Read ! Pixelverse, Hoge Finance, On-Chain Games, Khalani, and Arweave",https://www.gate.io/announcements/article/39137,Gate Learn,1 day ago,3389
Gate Learn New Courses is Live ! L2 Deep Dives: Myria (MYRIA),https://www.gate.io/announcements/article/39123,Gate Learn,1 day ago,2300
"Gate Research: Crypto Market Fluctuates at Low Levels, U.S. Stock Indexes Fall, Fractal Bitcoin Mainnet Launches",https://www.gate.io/announcements/article/39121,Gate Learn,2 day ago,3501
Gate Learn New Courses is Live ! Introduction to Telos,https://www.gate.io/announcements/article/39102,Gate Learn,2 day ago,2678
"Gate Learn Must Read ! ZKThreads, Gamium, Karat, Sanctum, and Wing Finance",https://www.gate.io/announcements/article/39072,Gate Learn,5 day ago,3132
"Gate Research: BTC and ETH Weakened Amid September Effect, Ethervista Trading Volume Surpasses $100 Million",https://www.gate.io/announcements/article/39063,Gate Learn,6 day ago,5659
Gate Learn Weekly Picks,https://www.gate.io/announcements/article/39057,Gate Learn,6 day ago,6774
"Gate Research: Ethereum Mainnet Revenue Drops by 99%, Expectations for Bank of Japan Rate Hike Heats Up",https://www.gate.io/announcements/article/39037,Gate Learn,2024-09-04 UTC,6952
Gate Research: Bitcoin Rebound Boosts General Rise in the Inscription and Other Sectors; Pendle eBTC Yield Leads the Market,https://www.gate.io/announcements/article/39018,Gate Learn,2024-09-04 UTC,2379
"Gate Research: Symbiotic TVL Surpasses $1.5 Billion, BlackRock‚Äôs BTC Spot ETF Records Net Outflows in a Day",https://www.gate.io/announcements/article/38988,Gate Learn,2024-09-02 UTC,3183
"Gate Learn Must Read ! ThirdWeb, PancakeSwap, Farcana, Chintai, and Zignaly",https://www.gate.io/announcements/article/38973,Gate Learn,2024-09-02 UTC,2572
"Gate Research: BTC Experiences Narrow Fluctuations, Polymarket Hits Record Betting Volume, NFTs on Opensea Accused of Being Unregistered Securities",https://www.gate.io/announcements/article/38953,Gate Learn,2024-08-30 UTC,7819
Gate.io Completes Delisting and Buyback of ZKX (ZKX) and Catgirl (CATGIRL),https://www.gate.io/announcements/article/39068,Delisting,5 day ago,8813
Gate.io Completes Delisting and Buyback of Envoy (ENV),https://www.gate.io/announcements/article/39019,Delisting,2024-09-04 UTC,7971
"Gate.io Delists PLY, PPS, EDR, BBK, and Other Tokens",https://www.gate.io/announcements/article/38999,Delisting,2024-09-03 UTC,9911
Gate.io to Delist NFTMart Token (NMT),https://www.gate.io/announcements/article/38984,Delisting,2024-09-02 UTC,10987
Gate.io to Delist Formation FI (FORM),https://www.gate.io/announcements/article/38977,Delisting,2024-09-02 UTC,7544
Gate.io to Delist MATIC Weekly Delivery Futures Market,https://www.gate.io/announcements/article/38947,Delisting,2024-08-30 UTC,10700
Gate.io Supports Ignore Fud (4TOKEN) Migration to Fishkoin (KOIN) and Delists Fishkoin (KOIN),https://www.gate.io/announcements/article/38945,Delisting,2024-08-30 UTC,9299
Gate.io Completes Delisting and Buyback of MuratiAI (MURATIAI),https://www.gate.io/announcements/article/38719,Delisting,2024-08-21 UTC,10737
Gate.io Completes Delisting and Buyback of Socean Staked Sol (SCNSOL),https://www.gate.io/announcements/article/38648,Delisting,2024-08-19 UTC,8970
Gate.io will Delist Premarket DOGS/USDT Perpetual,https://www.gate.io/announcements/article/38639,Delisting,2024-08-17 UTC,20912
Gate.io Completes Delisting and Buyback of Mojito (MOJITO),https://www.gate.io/announcements/article/38584,Delisting,2024-08-15 UTC,13038
Gate.io to Delist Aragon (ANT) and Support Redemption for ETH,https://www.gate.io/announcements/article/38563,Delisting,2024-08-14 UTC,14150
"Gate.io Completes Delisting and Buyback of PLAY Token (PLAY), Hoge Finance (HOGE), and YIN Finance (YIN)",https://www.gate.io/announcements/article/38540,Delisting,2024-08-13 UTC,12734
Gate.io Not Supporting Catgirl (CATGIRL) Token Swap and Initiating a Delisting & Buyback Plan,https://www.gate.io/announcements/article/38492,Delisting,2024-08-09 UTC,22881
Gate.io to Delist ZKX (ZKX),https://www.gate.io/announcements/article/38490,Delisting,2024-08-09 UTC,26043
Gate Wealth Thursday: New BTC Hybrid Interest Rate Increased by 100%,https://www.gate.io/announcements/article/38923,Gate Wealth,2024-08-29 UTC,5079
Quant Fund Introduces New Offering: Smart Arbitrage-USDT with an Expected Annualized Return of 8.84%,https://www.gate.io/announcements/article/38891,Gate Wealth,2024-08-28 UTC,2682
Gate Wealth Tuesday: USDT Quante Fund with an Expected Annualized Return of 9.29%!,https://www.gate.io/announcements/article/38868,Gate Wealth,2024-08-27 UTC,4168
Gate Wealth Monday: New USDT Hybrid Interest Rate Increased by 100%,https://www.gate.io/announcements/article/38838,Gate Wealth,2024-08-26 UTC,3329
"Gate Quant Fund New Page Launch: Expert Strategies, Transparent Performance, Steady Investment",https://www.gate.io/announcements/article/38746,Gate Wealth,2024-08-21 UTC,6505
Gate Wealth Tuesday: USDT Quante Fund with an Expected Annualized Return of 9.04%!,https://www.gate.io/announcements/article/38706,Gate Wealth,2024-08-20 UTC,3461
Gate Wealth Monday: USDT Quante Fund with an Expected Annualized Return of 6..59%!,https://www.gate.io/announcements/article/38671,Gate Wealth,2024-08-19 UTC,2669
Gate Wealth Thursday: USDT Quante Fund with an Expected Annualized Return of 10.50%!,https://www.gate.io/announcements/article/38602,Gate Wealth,2024-08-15 UTC,3301
Quant Fund Introduces New Offering: Arbitrage Pioneer - USDT with an Expected Annualized Return of 10.01%,https://www.gate.io/announcements/article/38569,Gate Wealth,2024-08-14 UTC,4494
"Quant Fund Principal Protection Initiative: 100% Principal Protection in 30 Days, Enjoy High Annualized Returns with USDT & BTC!",https://www.gate.io/announcements/article/38550,Gate Wealth,2024-08-13 UTC,5222
Gate Wealth Tuesday: USDT Quante Fund with an Expected Annualized Return of 6.48%!,https://www.gate.io/announcements/article/38545,Gate Wealth,2024-08-13 UTC,3429
Gate Wealth Monday: USDT Quante Fund with an Expected Annualized Return of 6.33%!,https://www.gate.io/announcements/article/38520,Gate Wealth,2024-08-12 UTC,2920
"Gate Wealth Thursday: BTC Quant Fund with an Expected Annualized Return of 1.04%, USDT Quante Fund with an Expected Annualized Return of 8.28%!",https://www.gate.io/announcements/article/38474,Gate Wealth,2024-08-08 UTC,5260
"Gate Wealth Wednesday: BTC Quant Fund with an Expected Annualized Return of 0.76%, USDT Quante Fund with an Expected Annualized Return of 8.44%!",https://www.gate.io/announcements/article/38447,Gate Wealth,2024-08-07 UTC,3375
"Gate Wealth Monday: BTC Quant Fund with an Expected Annualized Return of 1.42%, USDT Quante Fund with an Expected Annualized Return of 9.33%!",https://www.gate.io/announcements/article/38420,Gate Wealth,2024-08-06 UTC,4712
"GT Holder-Exclusive Airdrop: Gate.io Startup Initial Free Offering: Crypsure (CRS) and Only GT Subscription Rules Announcement (2,727,273 CRS free of charge)",https://www.gate.io/announcements/article/39172,New Cryptocurrency Listings,12 hours 38 min 34 sec ago,6590
"GT Holder-Exclusive Airdrop: Gate.io Startup Free Offering: Zero1 Labs(DEAI) and Announcement of Free Distribution Rules (219,781 DEAI free of charge)",https://www.gate.io/announcements/article/39170,New Cryptocurrency Listings,14 hours 40 min 55 sec ago,3956
Gate.io opened deposits for Fractal Bitcoin (FB),https://www.gate.io/announcements/article/39167,New Cryptocurrency Listings,15 hours 52 min 59 sec ago,6180
Gate.io Startup:LOVECHAIN (LCI) Initial Sale Result & Listing Schedule,https://www.gate.io/announcements/article/39166,New Cryptocurrency Listings,16 hours 11 min 35 sec ago,3315
Introducing Startup Mining MetaCene(MAK) Phase 2: Stake to Earn Mining Rewards!,https://www.gate.io/announcements/article/39156,New Cryptocurrency Listings,18 hours 10 min 18 sec ago,2432
"Gate.io Startup Initial Free Offering:Debox(BOX) and Announcement of Free Distribution Rules (1,250,000 BOX free of charge)",https://www.gate.io/announcements/article/39154,New Cryptocurrency Listings,18 hours 34 min 3 sec ago,3742
Gate.io Announcement on Launching the Pre-Market Trade to RabBitcoin (RBTC),https://www.gate.io/announcements/article/39146,New Cryptocurrency Listings,1 day ago,6893
"PreMint CATI PreToken and Stake to Earn 1,500 TON Mining Rewards!",https://www.gate.io/announcements/article/39144,New Cryptocurrency Listings,1 day ago,9054
Introducing Counter Fire(CEC) on Startup Mining: Stake to Earn Mining Rewards!,https://www.gate.io/announcements/article/39124,New Cryptocurrency Listings,1 day ago,3226
"Gate.io Startup Initial Free Offering: Matrix One(MATRIX) and Announcement of Free Distribution Rules (3,333,334 MATRIX free of charge)",https://www.gate.io/announcements/article/39116,New Cryptocurrency Listings,2 day ago,6640
Gate.io Startup:Counter Fire (CEC) Initial Sale Result & Listing Schedule,https://www.gate.io/announcements/article/39105,New Cryptocurrency Listings,2 day ago,3281
Gate.io will list Catizen (CATI),https://www.gate.io/announcements/article/39103,New Cryptocurrency Listings,2 day ago,43684
Gate.io Startup:BYIN (BYIN) Initial Sale Result & Listing Schedule,https://www.gate.io/announcements/article/39084,New Cryptocurrency Listings,5 day ago,20661
Gate.io Announcement on Launching the Pre-Market PreToken Trading to Catizen (CATI),https://www.gate.io/announcements/article/39083,New Cryptocurrency Listings,5 day ago,35238
Gate.io Has Added Quickswap (QUICK) Perpetual Contract,https://www.gate.io/announcements/article/39075,New Cryptocurrency Listings,5 day ago,4088
A Day in the Nursing Home with Gate Keepers,https://www.gate.io/announcements/article/39016,Gate Charity,2024-09-04 UTC,2472
Gate Charity Helps Educate And Inspire Children In Benin Through The Empowering Minds Book Donation Project,https://www.gate.io/announcements/article/38948,Gate Charity,2024-08-30 UTC,7237
- Gate Charity Hosts Artistic Qixi Festival Event to Support Disadvantaged Communitie,https://www.gate.io/announcements/article/38931,Gate Charity,2024-08-30 UTC,2922
"Gate Charity Supports An Independence Day Festival For The Suku Anak Dalam Community in Skaladi Village, Indonesia",https://www.gate.io/announcements/article/38888,Gate Charity,2024-08-28 UTC,3820
Gate Charity Partners with F√≥rum Animal to Support Terra dos Bichos Sanctuary,https://www.gate.io/announcements/article/38871,Gate Charity,2024-08-27 UTC,4917
Gate Charity Empowers 65 Children with Essential School Supplies at Cam Ly Shelter Home,https://www.gate.io/announcements/article/38684,Gate Charity,2024-08-20 UTC,1742
"Gate Charity Launches ""Sustainable Green Future NFT (Taiwan)"" to Combat Plastic Pollution",https://www.gate.io/announcements/article/38528,Gate Charity,2024-08-13 UTC,5685
Belgrad Forest Cleanup: Gate Charity's Inspiring Environmental Initiative,https://www.gate.io/announcements/article/38519,Gate Charity,2024-08-12 UTC,3361
Friendship Knows No Borders: Gate Charity‚Äôs Fundraiser for the Down Syndrome Association,https://www.gate.io/announcements/article/38422,Gate Charity,2024-08-06 UTC,7203
Gate Charity's 'Happy Playground' Event Brings Joy to Children in Need,https://www.gate.io/announcements/article/38148,Gate Charity,2024-07-25 UTC,4770
Gate Charity's 'Books for the Sea' Empowered Duano Tribe with Literacy Drive in Indonesia,https://www.gate.io/announcements/article/38123,Gate Charity,2024-07-25 UTC,2677
"Gate Charity Empowers Single Mothers with ""Warm Sharing, Together for the Future"" Initiative",https://www.gate.io/announcements/article/38036,Gate Charity,2024-07-23 UTC,4221
"Gate Charity Launches ""Sika Art Centre Empowering Young Artists NFT (Benin)"" to Support Artists in Benin",https://www.gate.io/announcements/article/37657,Gate Charity,2024-07-04 UTC,5706
Gate Charity Partnered with SEAD to Launch Wellness & Care Initiative for Anak Dalam Tribe,https://www.gate.io/announcements/article/37489,Gate Charity,2024-06-26 UTC,8444
"Gate Charity Partners with Forum Animal for ""World Day to End Live Animal Exports"" Event",https://www.gate.io/announcements/article/37406,Gate Charity,2024-06-21 UTC,13676
Gate.io Structured Product Launched: Earn up to 13% APR,https://www.gate.io/announcements/article/39168,Finance,15 hours 39 min 25 sec ago,2543
Gate.io HODL & Earn: Lock WAMPL To Earn 150% APR,https://www.gate.io/announcements/article/39160,Finance,17 hours 4 min 54 sec ago,1814
Gate.io HODL & Earn: Lock BYIN To Earn 150% APR,https://www.gate.io/announcements/article/39155,Finance,18 hours 24 min 29 sec ago,992
"Gate.io GT Staking Now Live on the App, Earn 15.46% Real-time APR!",https://www.gate.io/announcements/article/39140,Finance,1 day ago,12027
Gate.io Supports Simple Earn SUNDOG/POPCAT : Real-Time APR Reaches 499.32%!,https://www.gate.io/announcements/article/39138,Finance,1 day ago,3020
Gate.io Structured Product Launched: Earn up to 14% APR,https://www.gate.io/announcements/article/39136,Finance,1 day ago,1839
Gate.io Lock USDT & Earn: 40% APR Exclusively for New Users!,https://www.gate.io/announcements/article/39130,Finance,1 day ago,2930
Gate.io HODL & Earn: Lock CTP To Earn 150% APR,https://www.gate.io/announcements/article/39126,Finance,1 day ago,2499
Gate.io Supports GT Staking: Stake & Earn up to 10.49% APR Now!,https://www.gate.io/announcements/article/39113,Finance,2 day ago,15373
Gate.io Structured Product Launched: Earn up to 8% APR,https://www.gate.io/announcements/article/39111,Finance,2 day ago,2345
Gate.io HODL & Earn: Lock SKOP To Earn 150% APR,https://www.gate.io/announcements/article/39106,Finance,2 day ago,2885
Gate.io HODL & Earn: Lock SNS To Earn 150% APR,https://www.gate.io/announcements/article/39104,Finance,2 day ago,3401
Gate.io Structured Product Launched: Enjoy weekend & Earn up to 15% APR,https://www.gate.io/announcements/article/39081,Finance,5 day ago,3993
Gate.io HODL & Earn: Lock MAK To Earn 150% APR,https://www.gate.io/announcements/article/39079,Finance,5 day ago,4632
Gate.io HODL & Earn: Lock FOXSY To Earn 200% APR,https://www.gate.io/announcements/article/39076,Finance,5 day ago,7735
"Gate.io SWGT, GEMS, SEAL, 0DOG, TOSHI, SUNDOG, KONET and BN Trading Competition Reward Distributed Announcement",https://www.gate.io/announcements/article/39048,Trading Competitions,6 day ago,5144
"Cross-Chain Decentralized Identity Solution : Apollo Name Service (ANS) Trading Competition is Live, Join and Share $10,000 Rewards!",https://www.gate.io/announcements/article/39027,Trading Competitions,2024-09-04 UTC,8196
"Blockchain-Enhanced Conversational AI: KITE AI (KITEAI) Trading Competition is Live, Join and Share $23,000 Rewards!",https://www.gate.io/announcements/article/38992,Trading Competitions,2024-09-03 UTC,5427
"DAO-Governed Multichain Launchpad: Pika Protocal (PIKA) Trading Competition is Live, Join and Share $22,000 Rewards!",https://www.gate.io/announcements/article/38971,Trading Competitions,2024-09-02 UTC,6569
"Decentralized Digital Advertising Platform: LTD Token (LTD) Trading Competition is Live, Join and Share $10,000 Rewards!",https://www.gate.io/announcements/article/38957,Trading Competitions,2024-08-31 UTC,12107
"Innovative Social Economy Engine : Moxie(MOXIE) Trading Competition is Live, Join and Share $60,000 Rewards!",https://www.gate.io/announcements/article/38903,Trading Competitions,2024-08-29 UTC,10589
"Gate.io CATDOG, NCN, WHY and CAD Trading Competition Reward Distributed Announcement",https://www.gate.io/announcements/article/38873,Trading Competitions,2024-08-28 UTC,3613
"Building with AI and Decentralization: Sonorus (SNS) Trading Competition is Live, Join and Share $13,000 Rewards!",https://www.gate.io/announcements/article/38859,Trading Competitions,2024-08-27 UTC,10682
"Cross-Chain Derivatives Token: Orderly Network (ORDER) Trading Competition is Live, Join and Share $39,000 Rewards!",https://www.gate.io/announcements/article/38853,Trading Competitions,2024-08-27 UTC,9838
"Domain Innovation & Cross-Chain Token: TNA (BN) Trading Competition is Live, Join and Share $25,000 Rewards!",https://www.gate.io/announcements/article/38795,Trading Competitions,2024-08-23 UTC,10677
"PoSDAO for Decentralized Governance: KONET(KONET) Trading Competition is Live, Join and Share $16,000 Rewards!",https://www.gate.io/announcements/article/38788,Trading Competitions,2024-08-23 UTC,6147
"A Dynamic Token on TRON: SunDog (SUNDOG) Trading Competition is Live, Join and Share $15,000 Rewards!",https://www.gate.io/announcements/article/38767,Trading Competitions,2024-08-22 UTC,9505
"Build on Base Blockchain: Toshi(TOSHI) Trading Competition is Live, Join and Share $14,000 Rewards!",https://www.gate.io/announcements/article/38760,Trading Competitions,2024-08-22 UTC,6663
"A Digital Playground: Bitcoin Dogs(0DOG) Trading Competition is Live, Join and Share $10,000 Rewards!",https://www.gate.io/announcements/article/38754,Trading Competitions,2024-08-22 UTC,13923
"Token Deployed on RGB++ Protocol: Seal(SEAL) Trading Competition is Live, Join and Share $12,000 Rewards!",https://www.gate.io/announcements/article/38734,Trading Competitions,2024-08-21 UTC,8716
Gate.io Completes Saitama (SAITAMA) Migration to SaitaChain (STCHAIN),https://www.gate.io/announcements/article/39158,Deposit & Withdrawal,17 hours 26 min 42 sec ago,3521
Gate.io Completes WazirX (WRX) Token Migration,https://www.gate.io/announcements/article/39061,Deposit & Withdrawal,6 day ago,6131
Gate.io Completes Crypterium (CRPT) Migration to Choise (CHO),https://www.gate.io/announcements/article/39040,Deposit & Withdrawal,6 day ago,3995
Gate.io Supports Upcoming Firo (FIRO) Upgrade,https://www.gate.io/announcements/article/39024,Deposit & Withdrawal,2024-09-04 UTC,4404
Gate.io Completes Frontier (FRONT) to Self Chain (SLF) Token Migration,https://www.gate.io/announcements/article/39014,Deposit & Withdrawal,2024-09-03 UTC,9475
Gate.io Completes Router Protocol (ROUTE) Token Split,https://www.gate.io/announcements/article/39013,Deposit & Withdrawal,2024-09-03 UTC,7885
Gate.io Supports BLOCX (BLOCX) Upgrade Plan,https://www.gate.io/announcements/article/39012,Deposit & Withdrawal,2024-09-03 UTC,4157
Gate.io Supports Upcoming Flow (FLOW) Network Upgrade and Hard Fork,https://www.gate.io/announcements/article/39009,Deposit & Withdrawal,2024-09-03 UTC,7265
Gate.io Supports Upcoming Oasys (OAS) Upgrade,https://www.gate.io/announcements/article/38990,Deposit & Withdrawal,2024-09-03 UTC,3794
Gate.io Completes SpongeBob (SPONGE) Token Migration,https://www.gate.io/announcements/article/38979,Deposit & Withdrawal,2024-09-02 UTC,6711
Gate.io Supports Crypterium (CRPT) Migration to Choise (CHO),https://www.gate.io/announcements/article/38958,Deposit & Withdrawal,2024-08-31 UTC,11272
Gate.io Has Added CLOUD Perpetual Contract,https://www.gate.io/announcements/article/38956,Deposit & Withdrawal,2024-08-31 UTC,6304
Gate.io Supports Upcoming Horizen¬† (ZEN) Upgrade,https://www.gate.io/announcements/article/38928,Deposit & Withdrawal,2024-08-30 UTC,6370
Gate.io Completes Finschia(FNSA) Merger to Klaytn (KLAY) and Facilitates Rebranding,https://www.gate.io/announcements/article/38927,Deposit & Withdrawal,2024-08-30 UTC,7053
Gate.io Supports Upcoming Cardano (ADA)¬† Upgrade,https://www.gate.io/announcements/article/38914,Deposit & Withdrawal,2024-08-29 UTC,6291
Regarding ETFs (DOT5L„ÄÅUNI5L„ÄÅETH5L„ÄÅARB3L„ÄÅEOS5L) Reverse Split,https://www.gate.io/announcements/article/38986,ETF,2024-09-02 UTC,12262
Regarding ETFs (NEAR3S„ÄÅTRX3S„ÄÅDOGE5S„ÄÅFTM3S„ÄÅBTC5S) Reverse Split,https://www.gate.io/announcements/article/38814,ETF,2024-08-26 UTC,4656
Regarding ETFs (EOS5S„ÄÅSEI3S„ÄÅFTT3S„ÄÅPEPE3S„ÄÅKLAY3S) Reverse Split,https://www.gate.io/announcements/article/38813,ETF,2024-08-26 UTC,2542
Regarding ETFs (LTC5S„ÄÅMATIC3L„ÄÅBSV3L„ÄÅRUNE3S„ÄÅLDO3L) Reverse Split,https://www.gate.io/announcements/article/38654,ETF,2024-08-19 UTC,4273
Regarding ETFs (ZEN3L„ÄÅAPT3L„ÄÅBCH5S„ÄÅDOGE5L„ÄÅSUI3S) Reverse Split,https://www.gate.io/announcements/article/38652,ETF,2024-08-19 UTC,6174
Regarding ETFs (STRK3L„ÄÅSXP3L„ÄÅGALA5L„ÄÅGALA3L„ÄÅBSV5L) Reverse Split,https://www.gate.io/announcements/article/38504,ETF,2024-08-12 UTC,5334
Regarding ETFs (HBAR3L„ÄÅXRP5S„ÄÅFIL3L„ÄÅAAVE3S„ÄÅMASK3L) Reverse Split,https://www.gate.io/announcements/article/38503,ETF,2024-08-12 UTC,3391
Regarding ETFs (LTC5L„ÄÅCHZ3L„ÄÅDYDX3L„ÄÅAPE3L„ÄÅAXS5L) Reverse Split,https://www.gate.io/announcements/article/38387,ETF,2024-08-05 UTC,8438
Regarding ETFs (SAND3L„ÄÅMINA3L„ÄÅKSM3L„ÄÅEOS3L„ÄÅALGO3L) Reverse Split,https://www.gate.io/announcements/article/37749,ETF,2024-07-09 UTC,8368
Regarding ETFs (BLUR3L„ÄÅSHIB5L„ÄÅBCH5L„ÄÅGALA5L„ÄÅLINK5L) Reverse Split,https://www.gate.io/announcements/article/37601,ETF,2024-07-02 UTC,15205
Regarding ETFs (EOS5L„ÄÅOMG3L„ÄÅSNX3L„ÄÅARPA3L„ÄÅKAVA3L) Reverse Split,https://www.gate.io/announcements/article/37286,ETF,2024-06-17 UTC,12679
Regarding ETFs (BSV5L„ÄÅPEOPLE3S„ÄÅDOGE5L„ÄÅAR3S„ÄÅGALA5S) Reverse Split,https://www.gate.io/announcements/article/37127,ETF,2024-06-11 UTC,12878
Regarding ETFs (ACH3S„ÄÅUNI5L„ÄÅBTC3S„ÄÅQTUM3S„ÄÅXRP3L) Reverse Split,https://www.gate.io/announcements/article/35959,ETF,2024-04-16 UTC,24480
Regarding ETFs (DOT5L„ÄÅGALA5L„ÄÅAXS5L„ÄÅGMT3L„ÄÅXRP5L) Reverse Split,https://www.gate.io/announcements/article/35911,ETF,2024-04-14 UTC,40395
Regarding ETFs (ADA3S„ÄÅETH5S„ÄÅBLUR3S„ÄÅSAND3S„ÄÅMKR3S) Reverse Split,https://www.gate.io/announcements/article/35001,ETF,2024-03-11 UTC,16694
Gate.io will Adjust the Funding Interval for RARE/USDT Perpetual Contract,https://www.gate.io/announcements/article/38651,Fee,2024-08-19 UTC,4386
Watch Live & Win VIP+1:  Can this week's CPI release reverse the market downturn?,https://www.gate.io/announcements/article/39153,Live,19 hours 30 min 56 sec ago,1658
GateLive Live Mining Program - Bonuses Distribution Announcement (September 02 - September 08),https://www.gate.io/announcements/article/39151,Live,20 hours 14 min 38 sec ago,2092
"GateLive Riddle Week: Share $8,000 in Rewards, and VIP+1 New Viewers Bonus",https://www.gate.io/announcements/article/39131,Live,1 day ago,2027
GateLive Live Mining Program - Bonuses Distribution Announcement (August 26-September 01),https://www.gate.io/announcements/article/39065,Live,5 day ago,2563
Watch Live & Claim VIP+1: Non-Farm Payroll Data Release Tonight‚ÄîPositive or Negative Impact?,https://www.gate.io/announcements/article/39064,Live,5 day ago,3283
Watch Live & Win VIP+1:  Cryptocurrency Millionaires Surge by 95%: Who Is Driving This Wealth Creation Wave?,https://www.gate.io/announcements/article/39038,Live,6 day ago,4395
GateLive Live Mining Program - Bonuses Distribution Announcement (August 19-August 25),https://www.gate.io/announcements/article/38896,Live,2024-08-29 UTC,3652
Watch Live & Win VIP+1: Prestigious Streamer & GatePost Content Creator Honour's Night,https://www.gate.io/announcements/article/38782,Live,2024-08-23 UTC,4645
Watch Live & Win VIP+1:  Will SUI Become the Solana Killer?,https://www.gate.io/announcements/article/38723,Live,2024-08-21 UTC,4725
GateLive Live Mining Program - Bonuses Distribution Announcement (August 12-August 18),https://www.gate.io/announcements/article/38707,Live,2024-08-20 UTC,4845
New Streamers Exclusive Bonus: Double Trading Fee Commissions & VIP+1!,https://www.gate.io/announcements/article/38653,Live,2024-08-19 UTC,16065
"Watch GateLive Streams: Copy Trading Every Day, Win VIP+1 and Share $10,000 !",https://www.gate.io/announcements/article/38616,Live,2024-08-16 UTC,42179
Watch Live & Claim VIP+1: BTC Market Drop: Is It a Bottom or Bounce?,https://www.gate.io/announcements/article/38606,Live,2024-08-16 UTC,5128
GateLive Live Mining Program - Bonuses Distribution Announcement (August 05-August 11),https://www.gate.io/announcements/article/38596,Live,2024-08-15 UTC,3825
Watch Live & Win VIP+1:  How will the release of CPI data affect the Crypto market?,https://www.gate.io/announcements/article/38578,Live,2024-08-15 UTC,5096
"Gate Card Lucky Draw - Share a $50,000 USDT prize pool now, 100% Guaranteed Prizes for New and Existing Users!",https://www.gate.io/announcements/article/38590,Gate Card,2024-08-15 UTC,3084
Get BTC Rewards:Apply for a Gate Card within the limited time to receive BTC rewards!,https://www.gate.io/announcements/article/38518,Gate Card,2024-08-12 UTC,36703
"Gate.io Launches Exclusive ""Gate Card Referral Program"": Earn Up to $20 USDT and Offer 10% Cashback to Friends",https://www.gate.io/announcements/article/36478,Gate Card,2024-05-09 UTC,52477
Gate Launches A Virtual Version Of Gate Visa Debit Card With Unmatched Benefits,https://www.gate.io/announcements/article/36252,Gate Card,2024-04-28 UTC,15013
Gate's Cashback Visa Debit 'Gate Card' Now Available in 28 EEA Countries,https://www.gate.io/announcements/article/35246,Gate Card,2024-03-19 UTC,55130
"Gate Group Integrates Solartrip Travel Services, Offers Travel Rewards to Gate Card Cardholders",https://www.gate.io/announcements/article/34885,Gate Card,2024-03-05 UTC,29632
"Buy Crypto or Get a Gate Card - Win 1 BTC, 1 ETH, or 100 USDT!",https://www.gate.io/announcements/article/34470,Gate Card,2024-02-06 UTC,22263
Gate's Cashback Visa Debit 'Gate Card'  Available Soon in 29 EEA Countries,https://www.gate.io/announcements/article/34378,Gate Card,2024-02-01 UTC,13015
Gate Card New Year Signup Campaign Announcement,https://www.gate.io/announcements/article/34111,Gate Card,2024-01-19 UTC,19723
Gate Card 2.0 Update: Revolutionizing Your Spending Experience,https://www.gate.io/announcements/article/34086,Gate Card,2024-01-18 UTC,54497
Win 2x Crypto by Buying Crypto with a Gate Card via Gate Connect,https://www.gate.io/announcements/article/33712,Gate Card,2023-12-27 UTC,21138
Gate Card Black Friday Event: Earn 2X Cashback for 3 Months,https://www.gate.io/announcements/article/33610,Gate Card,2023-12-21 UTC,8531
Unlock Gate VIP Privileges and USDT Cashback with the Gate Card Visa Debit,https://www.gate.io/announcements/article/33609,Gate Card,2023-12-21 UTC,7420
Gate Card Black Friday Event: Earn 2X Cashback for 3 Months,https://www.gate.io/announcements/article/33097,Gate Card,2023-11-22 UTC,18284
Unlock Gate VIP Privileges and USDT Cashback with the Gate Card Visa Debit,https://www.gate.io/announcements/article/32988,Gate Card,2023-11-16 UTC,16658
Gate.io Completes DeFi Box (BOX) Rebranding to DeFi Box (DEFIBOX) and to Resume Trading,https://www.gate.io/announcements/article/39098,Token Rename,2 day ago,3298
Gate.io Supports DeFi Box (BOX) Rebranding,https://www.gate.io/announcements/article/39041,Token Rename,6 day ago,5533
Gate.io Completes Cyber Arena Token (CAT) Rebranding to Cyber Arena Token (CYBERARENA) and to Resume Trading,https://www.gate.io/announcements/article/38367,Token Rename,2024-08-05 UTC,4135
Gate.io Supports Cyber Arena Token (CAT) Rebranding,https://www.gate.io/announcements/article/38299,Token Rename,2024-08-01 UTC,6678
Gate.io Completes JobAi (JOB) Rebranding to JobAi (JOBAI) and to Resume Trading,https://www.gate.io/announcements/article/38048,Token Rename,2024-07-23 UTC,6232
Gate.io Supports JobAi (JOB) Rebranding to JobAi (JOBAI),https://www.gate.io/announcements/article/37965,Token Rename,2024-07-19 UTC,10895
Gate.io Completes Altair (AIR) Rebranding to Altair (ALTAIR) and to Resume Trading,https://www.gate.io/announcements/article/37873,Token Rename,2024-07-15 UTC,5141
Gate.io Supports Altair (AIR) Rebranding,https://www.gate.io/announcements/article/37819,Token Rename,2024-07-12 UTC,6900
Gate.io Completes GM (GM) Rebranding to GM (GMWAGMI) and to Resume Trading,https://www.gate.io/announcements/article/37764,Token Rename,2024-07-09 UTC,11829
Gate.io Supports GM (GM) Rebranding,https://www.gate.io/announcements/article/37742,Token Rename,2024-07-08 UTC,12105
Gate.io Completes Drops Ownership Power (DOP) Rebranding to Drops Ownership Power (DROPS) and to Resume Trading,https://www.gate.io/announcements/article/37674,Token Rename,2024-07-04 UTC,14213
Gate.io Supports Drops Ownership Power (DOP) Rebranding,https://www.gate.io/announcements/article/37659,Token Rename,2024-07-04 UTC,10937
Gate.io Supports Caitlyn Jenner (JENNER) Rebranding,https://www.gate.io/announcements/article/37298,Token Rename,2024-06-17 UTC,30783
Gate.io Completes Polyhedra Network (ZK) Renaming to Polyhedra Network (ZKJ) and to Resume Trading,https://www.gate.io/announcements/article/37002,Token Rename,2024-06-04 UTC,21617
Gate.io Supports Polyhedra Network (ZK) Renaming,https://www.gate.io/announcements/article/36935,Token Rename,2024-05-31 UTC,22527
"Gate.io Scheduled Perpetual Contracts (USDT & BTC Margin) Upgrade (11 September, 16: 00-16: 10 UTC)",https://www.gate.io/announcements/article/39157,Engine Upgrade,17 hours 32 min 34 sec ago,1086
Gate.io Scheduled Spot Trading Engine Upgrade  (06 Sep 16: 00 - 16: 30 UTC),https://www.gate.io/announcements/article/39082,Engine Upgrade,5 day ago,5913
Gate.io Scheduled Spot Trading Engine Upgrade  02 Sep 16: 00 - 16: 30 UTC),https://www.gate.io/announcements/article/38962,Engine Upgrade,2024-09-02 UTC,3906
"Gate.io Scheduled Perpetual Contracts (USDT & BTC Margin) Upgrade (22 August, 16: 00-16: 10 UTC)",https://www.gate.io/announcements/article/38752,Engine Upgrade,2024-08-22 UTC,3040
Gate.io Scheduled Perpetual Contracts(USDT & BTC Margin) Upgrade( 07 August 16: 00-16: 10 UTC),https://www.gate.io/announcements/article/38428,Engine Upgrade,2024-08-07 UTC,4328
New Feature! Sell Crypto to Your Debit/Credit Cards Seamlessly via Gate Connect,https://www.gate.io/announcements/article/38568,Fiat,2024-08-14 UTC,3456
Gate.io Will Adjust Tick Size for Multiple USDT Margined Perpetuals  (12 Sep 08:00 UTC),https://www.gate.io/announcements/article/39171,Precision,14 hours 21 min 4 sec ago,3097
Gate.io Will Adjust Tick Size for Multiple Spot Trading Pairs (09 September 02:00 UTC),https://www.gate.io/announcements/article/39067,Precision,5 day ago,3517
Gate.io Will Adjust Tick Size for Multiple Spot Trading Pairs (27 August 02:00 UTC),https://www.gate.io/announcements/article/38817,Precision,2024-08-26 UTC,3634
Gate.io Will Adjust Tick Size for Multiple Spot Trading Pairs(19 August 03:30 UTC),https://www.gate.io/announcements/article/38650,Precision,2024-08-19 UTC,4297
Gate.io Will Adjust Tick Size for Multiple USDT Margined Perpetuals (15 August 08:00 UTC),https://www.gate.io/announcements/article/38573,Precision,2024-08-14 UTC,6719
"Gate.io Adjusted Tick Size for Beercoin (BEER),  MEDIEUS (MDUS) and ZELIX (ZELIX)¬† Spot Trading Pairs",https://www.gate.io/announcements/article/37415,Precision,2024-06-24 UTC,7115
P2P Winners and Rewards of NGN Top Merchants Event,https://www.gate.io/announcements/article/39143,P2P Trading,1 day ago,1812
[Limited Fiats Only]Trade via P2P to split the prize pool worth $2000!,https://www.gate.io/announcements/article/39108,P2P Trading,2 day ago,2083
P2P Advertisers: Compete and Earn Up to 250 USDT Weekly!,https://www.gate.io/announcements/article/39060,P2P Trading,6 day ago,5114
"Exclusive EMEA P2P Referral Campaign: Win a share of 3,000 USDT!",https://www.gate.io/announcements/article/39039,P2P Trading,6 day ago,3365
P2P Announcement:  Winners and rewards of NGN Top Merchants Event,https://www.gate.io/announcements/article/38885,P2P Trading,2024-08-28 UTC,3133
"Gate.io ""Trading Boost"" Contest. Share a 3,000 USDT Price Pool for Top THB Merchants with a chance for a lucky draw",https://www.gate.io/announcements/article/38867,P2P Trading,2024-08-27 UTC,3990
Gate.io P2P: Update on Security Deposit for New Merchants,https://www.gate.io/announcements/article/38787,P2P Trading,2024-08-23 UTC,7675
