exchange	link	category	title	publish_time	scraping_time	llm_processed	body
Gate.io	https://www.gate.io/announcements/article/39216	Activities	Gate.io Dual Investment Quiz: Score 100% and Earn Big Scholarships!	2024-09-13 06:46:20	2024-09-13 22:41:52	No	Think you're a master of Dual Investment? Prove it with Gate.ios quick quiz! Score 100% and hit the investment target to win massive rewards. Join now and challenge yourself!///** Duration: September 13, 8:00—September 28, 8:00 (UTC+0)**///**Eligibility: Participants who get full marks on the quiz**///立刻报名///###   Event Details:///### Learn more:///Take 4 Minutes to Understand Dual Investment///[Help Center] Dual Investment Operation Instructions///[Gate.io Blog] Double Currency Product - A Magic and Stable Tool for Cashing Out in A Shaky Market///[Announcement] Gate.io Dual Investment and USDT Buy-Low-to-Earn Strategy///### Notes:///1.This activity is only available for users who have completed KYC. The Sub-Accounts and Master Account will be treated as the same account in the competition.///2.To preserve the interests of all participants and maintain fairness, we strictly prohibit cheating in the activity. Cheating will result in disqualification.///3.Rewards in USDTEST and Points (both are valid for 7 days) will be distributed to the winners' accounts within 14 working days after the activity ends. Users can view them in Assets - Transaction History. ///4.Risk Warning: Please note that the cryptocurrency market is volatile and losses may occur in different situations. Understanding all the related information and being vigilant regarding your investment actions is strongly recommended.///5.Users in the UK and other Restricted Locations cannot participate in this competition/event (please see the User Agreement for further details on Restricted Locations).///6.Gate.io reserves all rights to the final interpretation of this event.
Gate.io	https://www.gate.io/announcements/article/37292	Bi-Weekly Report	Gate.io Bi-Weekly Report (June 1-15, 2024)	2024-06-17 10:21:15	2024-09-13 22:41:54	No	The Gate.io bi-weekly report brings you all the updates on the trending events and new developments on Gate.io to help you stay in the loop.///A quick recap of the most significant events from June 1 to June 15, 2024:///* Listed some Startup Projects and new tokens;///* Launched many trading competitions and a few financial products in Hodl and Earn;///* Launched some mining pools with rewards.///### 1. Successfully Listed Some Startup Projects and New Tokens on Gate.io///From June 1 to June 15, 2024, Gate.io has launched 35 new projects and 35 Startup projects with a total airdrop value of $1,515,000.///Gate.io Startup is a token launch platform for innovative and advanced projects, join now: https://www.gate.io/startup///Trade at: https://www.gate.io/trade/BTC_USDT///More Details: https://www.gate.io/articlelist/ann///### 2.  Launched a Few Financial Products in Hodl and Earn and Trading Competitions on Gate.io///From June 1 to June 15, 2024, we held 20 trading competitions with the total prize pool of $256,000.///View More Activities: https://www.gate.io/competition/center/all/1///Gate.io launched 23 financial products in Hodl and Earn with an APR of up to 200%.///More Details: https://www.gate.io/hodl///### 3. Launched Many Activities on Gate.io ///From June 1 to June 15, 2024, Gate.io held many activities including: ///Web3 Startup///Announcement on Gate Web3 Startup Token Project AgoraHub(AGA) and Rules of Participation in Win and Share 62,500 AGA for Free///More: https://www.gate.io/web3/startup///Simple Earn///Gate.io Simple Earn Mega Bonus: Share $1,100,000 USDTEST!More: https://www.gate.io/simple-earn///Double Earning Monday///Gate.io Double Earning Monday: 200% Stable APR and 250% APR for New Users///More: https://www.gate.io/hodl///Gate Futures///Gate.io's First Futures Testnet Trading Competition | Share a $50,000 Prize Pool and Win Up to VIP tier +1 (60 Days)///More: https://www.gate.io/futures_center///Gate Learn///Gate Learn Daily Study Challenge: Study, Quiz, and Compete for a $10,000 Prize Pool！///More: https://www.gate.io/learn///Others///Gate.io 2024 Euro Cup Football Fan Club: Join and Earn $520 Referral Bounty///Gate.io Crazy Friday#55: Earn 4% High APR on Top Cryptos with 3-Days Lockup Period///Gate.io Bots Carnival Week: Win Newbie Bots Benefits and Share an 80,000 USDT Prize Pool!///Gate.io Answer and Earn: Take the Quiz on Gate.io's 11th Anniversary Revelry to Draw $5,000 Prizes///Join Startup Crypto Dark Horse Competition Season 10 to Win $2,000 Prize Pool!///Watch 2024 UEFA European Cup: Join Match Prediction, Split $100,000 Rewards///Gate.io Trading Fair: Share $50,000 USDT///More: https://www.gate.io/articlelist/ann/1///### 4. Gate Learn: New Articles and Courses///Gate Learn New Courses is Live ! Introduction to Paal and its Ecosystem///Gate Learn Must Read ! Affyn, Beefy, Synonym, Creo Engine, and Dego Finance///Gate Learn New Courses is Live ! Introduction to Scroll///More: https://www.gate.io/learn///### 5. Gate.io Blog///From June 1 to June 15, 2024, we released a number of blog articles: ///Bitcoin's Meme Coin Renaissance: How Asia's Institutional Investors Might Drive Runes' Growth///The Soaring of NOT Drives the Explosion of GameFi, Where is the Future Trend Password?///11 Years, 11 Stories - A Tribute to Our Communitys Journey Together///View More: https://www.gate.io/blog///### 6. Gate.io Upgrade and Support///Gate.io Scheduled Spot Trading Engine Upgrade (13 June 16: 00 - 16: 30 UTC)///Gate.io Supports Upcoming Chiliz (CHZ )Upgrade///Gate.io Supports Upcoming Cosmos Hub (ATOM) Upgrade///View More: https://www.gate.io/articlelist/ann
Gate.io	https://www.gate.io/announcements/article/36677	Bi-Weekly Report	Earn 30 USDT Cashback with Bank Transfer on Gate Connect!	2024-05-20 07:36:37	2024-09-13 22:41:54	No	Are you ready to elevate your financial transactions? ///Gate Connect, Gate.io's proprietary fiat gateway, is designed to provide users with a seamless experience in the world of digital finance.///We're excited to announce an exclusive opportunity for all Gate Connect users! From May 20th to May 31st, you have the chance to earn 30 USDT cashback for every 10,000 Euros transferred via Bank Transfer during the promotion period.///Promotion Details:///- Promotion Period: May 20th - May 31st///- Eligibility: All Gate Connect Users///- Must register to participate. Transactions made before registration will not be counted.///Terms and Conditions:///1. This offer is exclusive to Gate Connect users and cannot be combined with any other ongoing promotions.///2. You must sign up through this link to qualify for the rebate when you meet the campaign requirements: https://www.gate.io/questionnaire/4535///3. During the campaign period, only when you use the Gate Connect channel, and pay with the Bank Transfer method can you receive a 30 USDT rebate reward for every 10,000 EUR via Gate Connect. ///4. The fiat currencies, regions, and payment methods supported by Gate Connect are subject to the actual page here. If you do not see the Gate Connect channel when making a purchase, it means that Gate Connect is currently not available for your region, fiat currency, or payment method that you choose. ///5. The rebate will be distributed to your Gate account in USDT within 15 days after this campaign ends.///6. When you participate, please see and choose the Gate Connect channel via Bank Transfer to buy crypto as shown in the image below.///Click Here to Join Now!///Notice:///1. All participants must strictly adhere to Gate.ios terms and conditions, including the User Agreement and comply with all applicable laws and regulations.///2. A user with Sub-Accounts and a Master Account and multiple accounts with the same KYC information will be deemed as the same participant, while the purchase amount of Sub-accounts wont be counted as that of a Master Account.///3. Market makers, corporations, and institution accounts are not eligible for this campaign.///4. If any illegal, inappropriate, illegitimate, or unfair behavior including but not limited to cheating, use of multiple accounts, and/or any other types of violations is discovered, Gate.io reserves the right to cancel the users participation and confiscate the rewards.///5. Where any discrepancy arises between the translated versions and the original English version, the English version shall prevail.///6. Gate.io reserves the right to change, revise, or cancel any terms regarding the promotion or even the entire promotion at its sole discretion without prior notice.///7. The campaign cannot be participated in simultaneously with other campaigns.///8. ate.io reserves all rights to the final explanation.///9. Please be noted that Gate.io may not be able to provide full scale service in certain markets and jurisdictions, and Gate.io may restrict or prohibit the use of all or a portion of the Services from Restricted Locations, including but not limited to the United States of America, Canada, United Kingdom, Iran, and Cuba. Gate.io may in its sole and absolute discretion elect to make the Services, or only part of the Services available in certain jurisdictions only. For more information regarding the Restricted Locations, please read the User Agreement Section 2.3(d) Restricted Locations via https://www.gate.io/zh/user-agreement. We do not intend to solicit or conduct marketing towards customers in such restricted locations.///10. This event or activity is not open to Restricted Locations, nor should this event or activity be distributed or displayed on social media platforms in Restricted Locations.
Gate.io	https://www.gate.io/announcements/article/35969	Bi-Weekly Report	Gate.io Bi-Weekly Report (April 1-15, 2024)	2024-04-16 10:25:35	2024-09-13 22:41:54	No	The Gate.io bi-weekly report brings you all the updates on the trending events and new developments on Gate.io to help you stay in the loop.///A quick recap of the most significant events from April 1 to April 15, 2024:///* Listed some Startup Projects and new tokens;///* Launched many trading competitions and a few financial products in Hodl and Earn;///* Launched some mining pools with rewards.///### 1. Successfully Listed Some Startup Projects and New Tokens on Gate.io///From April 1 to April 15, 2024, Gate.io has launched 50 new projects and 42 Startup projects with a total airdrop value of $1,910,000.  ///Gate.io Startup is a token launch platform for innovative and advanced projects, join now: https://www.gate.io/startup///Trade at: https://www.gate.io/trade/BTC_USDT///More Details: https://www.gate.io/articlelist/ann///### 2.  Launched a Few Financial Products in Hodl and Earn and Trading Competitions on Gate.io///From April 1 to April 15, 2024, we held 17 trading competitions with the total prize pool of $231,000.///View More Activities: https://www.gate.io/competition/center/all/1///Gate.io launched 21 financial products in Hodl and Earn with an APR of up to 200%. ///More Details: https://www.gate.io/hodl///### 3. Launched Many Activities on Gate.io ///From April 1 to April 15, Gate.io held many activities including: ///**Web3 Startup**///Announcement on Gate Web3 Startup Project Apeiron(APRS) and Rules of Participation in Win and Share 8,044 APRS for Free///More: https://www.gate.io/web3/startup///**Simple Earn**///Gate.io Bonus for New Users: Simple Earn $10,000///More: https://www.gate.io/simple-earn///**Double Earning Monday**///Gate.io Double Earning Monday: 200% Stable APR and 250% APR for New Users///More: https://www.gate.io/hodl///**Gate Futures**///BTC Halving Bonanza: Trade Futures to Claim Your Share of $50,000+1BTCMore: https://www.gate.io/futures_center///**Gate Learn**///Learn and Earn by Gate Learn: Invite Friends for a Chance to Win Rewards///More: https://www.gate.io/learn///**Others**///Gate.io BRC20 Crypto Team Battle: Power up Your Team, Split $25,000 Rewards///Gate.io Answer and Earn: Take the Quiz on BEFE(BEFE) to Draw $5,000 BEFE Prizes///Gate.io Trading Fair: Share $50,000 in VENOM///More: https://www.gate.io/articlelist/ann/1///### 4. Gate Learn: New Articles and Courses///Gate Learn New Courses is Live ! Introduction to Aptos and its Ecosystem///Gate Learn Just Released ! Synesis One, AI Track, Merlin Chain, StakeStone, and Altura///Gate Learn New Courses is Live ! Introduction to SEI Ecosystem///View more: https://www.gate.io/learn///### 5. Gate.io Blog ///From April 1 to April 15, 2024, we released a number of blog articles: ///Daily News | BTC consolidated at a high level above $70K; JPMorgan Chase stated a ///Indonesia Sets Sight on Comprehensive Crypto Regulation: A Close Look at the Regulatory Sandbox Approach///Surpassing Tether as the Largest Stablecoin? Everything You Need to Know about What Ethena (ENA) Is///View More: https://www.gate.io/blog///### 6. Gate.io Upgrade and Support///Gate.io Supports Upcoming Boba Network (BOBA ) Upgrade///Gate.io Supports Upcoming Cronos (CRO)Upgrade///Gate.io Supports Upcoming Stacks (STX) Upgrade///View More: https://www.gate.io/articlelist/ann
Gate.io	https://www.gate.io/announcements/article/38656	Institutional & VIP	Gate Global Taker Incentive Program: Futures and Spot Taker Rates Update (2024.9.1)	2024-08-19 04:10:28	2024-09-13 22:41:56	No	Gate.io officially announced a new Global Taker Incentive Program offering fee discounts for institutional clients. This program offers fee discounts on both futures and spot taker orders up to 8%. The program will start from 1st Sep 2024 and be valid until 30th Nov 2024.///#### Target Audience///Institutional clients with a cumulative spot or futures taker trading volume exceeding $200 million in any single month since 2024.///#### Key Benefits///• **Taker Fee Discounts:** Achieve significant discounts on taker fees for both spot and futures trading by meeting monthly taker volume requirements.///• **Institutional Loan Benefits:** Enjoy preferential interest rates on institutional loan services.///**Program Mechanics**///• **Tiered Discount Rates:** New participants will be categorized by their historical monthly taker trading volume since 2024.///• **Discount Application:** The Gate Key Account Manager will apply the corresponding discount rate based on the assigned tier upon your request.///• **Monthly Taker Trading Volume Assessment:** Participants' monthly taker trading volume will be evaluated to ensure their eligibility for the program's benefits. Failure to meet the required volume will result in discount tier and taker fee discounts adjustment. For example, if Client X whose futures taker trading volume in Aug is 5 billion, applies Tier3 discount in Sep successfully. Therefore client X will enjoy an 8% off discount in Sep. If his actual futures taker trading volume in Sep is 2 billion, which falls in the taker trading volume range of  Tier1, as result, the Tier1 discount rate (4%) will be applied to clientX in Oct.///**Discount Rate Tier and Criterion **///**Futures**///|  Tier   | Monthly Futures Taker Trading Volume($)  | Taker Discount rate  |///|  ----  | ----  |----  |///| 1  | $1 billion < X < $3 billion | 4% |///| 2  | $3 billion < X < $6 billion | 6% |///| 3  |$6 billion < X<$10 billion*| 8% |///**Spot**///|  Tier   | Monthly Spot Taker Trading Volume($)   |Taker Discount rate  |///|  ----  | ----  |----  |///| 1  | $500 million < X < $1 billion | 4% |///| 2  | $1 billion < X < $3 billion | 6% |///| 3  |$3 billion < X<$5 billion* | 8% |///*Institutions with over $10 billion monthly futures taker trading volume or $5 billion monthly spot taker trading volume, please contact your key account manager or Gate institutional representative.///**Registration Method**///Fill out the///form///or contact your account manager or Gate institutional representative for registration. Telegram contact information: @KA_EMEA, @KA_APAC///Register Now///The program aims to increase liquidity and market depth in Gate.io. We will review the effectiveness of this program regularly. The program requirements and fees will be adjusted from time to time on the change of market conditions.
Gate.io	https://www.gate.io/announcements/article/39123	Gate Learn	Gate Learn New Courses is Live ! L2 Deep Dives: Myria (MYRIA)	2024-09-10 02:14:11	2024-09-13 22:41:58	No	Gate Learn, dedicated to providing a teaching platform for knowledge related to cryptocurrency, has launched a new course today: L2 Deep Dives: Myria (MYRIA)///The Myria blockchain platform offers an advanced approach to integrating blockchain technology with gaming. This course is about the architecture, security frameworks, and innovative features of the Myria ecosystem. ///Readers will gain a thorough understanding of how Myria leverages Ethereums Layer 2 scaling solutions, particularly zk-Rollups, to create a secure and scalable environment for decentralized gaming.///Identity in Myria  L2 Deep Dives: Myria (MYRIA)///**Myria**///This course provides an in-depth exploration of the Myria blockchain ecosystem, covering its technical foundation, gaming ecosystem, tokenomics, security protocols, and future developments. ///** You will Learn**///The technical architecture and scalability solutions employed by Myria, including Layer 2 and zk-Rollups.///The integration of blockchain technology into Myrias gaming ecosystem and its impact on game development.///Detailed tokenomics of the MYRIA token, including its structure, utility, and economic incentives.///The role of decentralized nodes in maintaining the security and integrity of the Myria platform.///The processes involved in creating and managing NFTs within Myrias ecosystem.///The security measures Myria uses to protect transactions and ensure data availability.///The strategic roadmap of Myria, focusing on past achievements and future developments.///How Myrias decentralized governance model empowers its community.///The compliance strategies Myria adopts to adhere to global regulatory standards.///How to apply Myrias Developer Portal tools and resources in real-world blockchain applications.///Learn Myria  L2 Deep Dives: Myria (MYRIA)///**Popular Courses**///L2 Deep Dives: Taiko (TAIKO)///L2 Deep Dives: Lisk (LSK)///**Activity on Gate Learn **///Gate Learn Creators Arena → https://www.gate.io/content-creator-incentive///Gate Learn Campus Ambassador Program → https://www.gate.io/learn/ambassador///Gate Learn Daily Study Challenge → https://www.gate.io/activities/quiz-challenge-learn///Gate Learn Master Class Challenge → https://www.gate.io/es/activities/gate-learn-master-class-challenge
Gate.io	https://www.gate.io/announcements/article/39018	Gate Learn	Gate Research: Bitcoin Rebound Boosts General Rise in the Inscription and Other Sectors; Pendle eBTC Yield Leads the Market	2024-09-04 03:16:26	2024-09-13 22:41:58	No	Gate Research Daily Report: September 3, Bitcoin's price rebounded to around $59,000 after hitting a low of $57,129. Meanwhile, Ethereum found support after dropping to approximately $2,400, climbing back to around $2,500. Altcoins have started to recover in the past 24 hours, following BTC's price movements, with significant gains seen in sectors like BTC Ordinals, Solana Memes, and Yield Farming. Pendle's eBTC has surpassed $15 million in total value locked (TVL), making it the highest-yielding BTC staking project among those with TVL exceeding $1 million. Additionally, four projects publicly announced funding rounds, with the highest disclosed amount being $6 million, covering sectors such as AI, DeFi, stablecoins, and Ethereum Layer 2.///**Market Analysis:** Altcoins have rebounded alongside BTC's price movements, with notable gains in sectors such as BTC Ordinals, Solana Memes, and Yield Farming.///**Top Performers:** The most popular tokens in the past 24 hours are VIC, PNG, and ORDI.///**Data Highlights:** The probability of the Federal Reserve cutting interest rates by 25 basis points in September is 67%, with August's non-farm payroll data likely playing a crucial role.///**Spotlight Analysis:** Pendle's eBTC has surpassed $15 million in TVL, currently making it the highest-yielding BTC staking project.///**Market Opportunities:** Four projects publicly announced funding rounds, covering sectors like AI, DeFi, stablecoins, and Ethereum Layer 2, with the highest disclosed funding amount being $6 million.///Explore today's details     Gate Research: Bitcoin Rebound Boosts General Rise in the Inscription and Other Sectors; Pendle eBTC Yield Leads the Market///**Gate Research **///Gate Research is a comprehensive blockchain and crypto research platform, providing readers with in-depth content, including technical analysis, hot insights, market reviews, industry research, trend forecasts, and macroeconomic policy analysis.///Click the Link to learn more  https://www.gate.io/explore
Gate.io	https://www.gate.io/announcements/article/38999	Delisting	Gate.io Delists PLY, PPS, EDR, BBK, and Other Tokens	2024-09-03 07:30:02	2024-09-13 22:42:00	No	Due to low market liquidity, Gate.io has delisted the following tokens: PLY, PPS, EDR, BBK, TMT, ATMI, UPP, NBAI, EON, MEETONE, IQ3, ADD, LST, HUR, TFD, SHIP, and INSTAR, as well as their trading pairs with USDT and BTC. However, Gate.io will continue to provide withdrawal services for these tokens for one month. If you hold any of the aforementioned tokens, please withdraw them as soon as possible to avoid potential financial loss.
Gate.io	https://www.gate.io/announcements/article/38977	Delisting	Gate.io to Delist Formation FI (FORM)	2024-09-02 09:05:48	2024-09-13 22:42:00	No	Gate.io has conducted a thorough reevaluation of Formation FI (FORM) and determined that it no longer meets our platform's trading criteria. As a result, Gate.io will delist Formation FI (FORM) from the trading market, including FORM_USDT and FORM_ETH spot trading, quant grid trading, and liquidity mining. However, withdrawal services for Formation FI (FORM) will continue to be provided for a period of 1 month.///Details:///1) Gate.io has closed the deposit service for Formation FI (FORM).///2)Gate.io will delist Formation FI (FORM) from the trading market, including FORM_USDT and FORM_ETH spot trading, quant grid trading, and liquidity mining, starting from Sepetmber 9, 2024, 03:00 A.M. UTC.///3) Users with ongoing quant grid trading of Formation FI (FORM) should adjust your trading strategies beforehand. Otherwise, the trades will be terminated automatically before Sepetmber 9, 2024, 03:00 A.M. UTC.///4) Users who have provided liquidity for Formation FI (FORM) in the liquidity mining market should withdraw the liquidity in advance. Otherwise the liquidity will be automatically redeemed before Sepetmber 9, 2024, 03:00 A.M. UTC.///5) Users unwilling to participate in the buyback after the delisting are advised to withdraw your Formation FI (FORM) holdings as soon as possible to avoid potential losses.///6) Users who still hold Formation FI (FORM) on Gate.io after September 22, 2024 can apply for a buyback by filling out a form. Gate.io will buy back Formation FI (FORM) at a price of 0.00002292 USDT, with a maximum compensation limit of 100 USDT per user.///To apply for the compensation, users must fill out the provided form between September 22, 2024, 16:00 UTC and September 29, 2024, 16:00 UTC.///Form Link: https://www.gate.io/questionnaire/5039///Withdraw FORM: https://www.gate.io/myaccount/withdraw/FORM
Gate.io	https://www.gate.io/announcements/article/38639	Delisting	Gate.io will Delist Premarket DOGS/USDT Perpetual	2024-08-17 08:49:59	2024-09-13 22:42:00	No	Gate.io will delist premarket futures DOGSIUSDT perpetual contract on August 19 2024 at 02:00 UTC.///At 02:00 UTC on August 18, 2024 the DOGS/USDT contract will be in reduce-only mode;///At 02:00 UTC on August 19 any open order of the DOGS/USDT contract will be canceled, any open position will be auto-settled based on the average index price from 01: 30 to 02:00 UTC on August 19 2024 (View Auto-Settlement Price for Delisted Perpetual Contract for details).///If you are trading the above perpetual contracts, it is highly recommended that you adjust your trading strategy and close your position beforehand.///Auto-Settlement Price for Delisted Perpetual Contract///Gate.io will use the average of index prices over half an hour before the delisting time as the auto-settlement price.///In the case of significant fluctuation during the last half an hour before delisting, Gate.io will use the average of index prices over an extended time period to avoid market manipulation.
Gate.io	https://www.gate.io/announcements/article/38540	Delisting	Gate.io Completes Delisting and Buyback of PLAY Token (PLAY), Hoge Finance (HOGE), and YIN Finance (YIN)	2024-08-13 08:33:09	2024-09-13 22:42:00	No	After a thorough reevaluation, Gate.io has determined that PLAY Token (PLAY), Hoge Finance (HOGE), and YIN Finance (YIN) no longer meet our platform's trading criteria. Consequently, Gate.io has delisted their trading markets and initiated a buyback program for holders of PLAY Token (PLAY), Hoge Finance (HOGE), and YIN Finance (YIN) on our platform. For eligible holders who have submitted the required application form, Gate.io has deposited the corresponding buyback amounts into your Gate.io accounts. Details can be found in your Transaction History. If you have any questions, please submit a ticket or contact our live customer support for assistance. ///For more information about the buyback process, please refer to:///Gate.io to Delist PLAY Token (PLAY), Hoge Finance (HOGE), and YIN Finance (YIN)///It is important to note that Gate.io no longer supports the deposit and trading services for PLAY Token (PLAY), Hoge Finance (HOGE), and YIN Finance (YIN), but the withdrawal service will be available for one more month. Users who have not yet filled out the form are strongly encouraged to withdraw your tokens to personal wallets as soon as possible.///Withdraw PLAY: https://www.gate.io/myaccount/withdraw/PLAY ///Withdraw HOGE: https://www.gate.io/myaccount/withdraw/HOGE  ///Withdraw YIN: https://www.gate.io/myaccount/withdraw/YIN
Gate.io	https://www.gate.io/announcements/article/38492	Delisting	Gate.io Not Supporting Catgirl (CATGIRL) Token Swap and Initiating a Delisting and Buyback Plan	2024-08-09 12:45:19	2024-09-13 22:42:00	No	According to the Catgirl (CATGIRL) project team, Catgirl (CATGIRL) tokens will undergo a token swap process at a 1,000:1 ratio. Gate.io will delist Catgirl (CATGIRL) from the trading market, including CATGIRL_USDT spot trading, quant grid trading, and liquidity mining. However, withdrawal services for Catgirl (CATGIRL) will remain available for one month.///Details:///1) Gate.io has suspended the deposit service for Catgirl (CATGIRL).///2) Gate.io will delist Catgirl (CATGIRL) from the trading market, including CATGIRL_USDT spot trading, quant grid trading, and liquidity mining, starting from August 16, 2024, 03:00 A.M. UTC.///3) Users with ongoing quant grid trading of Catgirl (CATGIRL) should adjust your trading strategies beforehand. Otherwise, the trades will be terminated automatically before August 16, 2024, 03:00 A.M. UTC.///4) Users who have provided liquidity for Catgirl (CATGIRL) in the liquidity mining market should withdraw the liquidity in advance. Otherwise the liquidity will be automatically redeemed before August 16, 2024, 03:00 A.M. UTC.///5) Users unwilling to participate in the buyback after the delisting are advised to withdraw your Catgirl (CATGIRL) holdings as soon as possible to avoid potential losses.///6) Users holding Catgirl (CATGIRL) on Gate.io after August 29, 2024 can apply for a buyback by filling out a form. Gate.io will buy back Catgirl (CATGIRL) at a price of 0.00000000003567 USDT, with a maximum compensation limit of 100 USDT per user.///To apply for the compensation, users must fill out the provided form between August 29, 2024, 16:00 UTC and September 5, 16:00 UTC.///Form Link: https://www.gate.io/questionnaire/4928///Withdraw Catgirl (CATGIRL): https://www.gate.io/myaccount/withdraw/CATGIRL ///Official Source: https://catgirlteam.medium.com/catgirl-evolution-multi-chain-expansion-new-brand-identity-and-dao-transition-da0ad2121768
Gate.io	https://www.gate.io/announcements/article/38671	Gate Wealth	Gate Wealth Monday: USDT Quante Fund with an Expected Annualized Return of 6.59%!	2024-08-19 09:43:34	2024-09-13 22:42:03	No	**Gate Wealth Key Features:**///• Quant Fund: Expert strategies offering high expected annual returns without a lock-up period.///• Shark Fin Plus: Short-term high returns with principal protection, BTC price range increased to $13,000.///• Stable Income Investment: A principal-protected fixed income product, ideal for long-term steady growth.///• Hybrid Interest: Floating annualized returns with the flexibility of deposits and withdrawals at any time.///Subscribe Now///**Gate Wealth Product Info for this Period: **///**Quant Fund**///| Product        | Est. 30-Day APR | YTD APR |Lock-up Period| Minimum Subscription |///|---------------------- |----------------|----------------------|-----------|----------------|///|///HedgeSmart Strategies-USDT///| 9.59%        | 12.97%              | Redeem anytime  | 5,000 USDT     |///|///HedgeSmart Strategies-USDT///| 4.49%     | 13.82%              | Redeem anytime  | 5,000 USDT     |///|///Neutral Edge Capital-USDT///|5.08% | 20.39%              | Redeem anytime  | 10,000 USDT    |///|///Hedge Ark Capital-USDT///| 4.00%    | 17.08%              |Redeem anytime  | 10,000 USDT    |///|///Returns Pioneer Capital-USDT///|3.65%  | 12.11%              | Redeem anytime  | 10,000 USDT    |///|///Returns Pioneer Capital-BTC///|-2.89%     | 11.56%              | Redeem anytime  | 0.1 BTC        |///|///Hedge Ark Capital-BTC///| -3.20%         | 2.79%               | Redeem anytime  | 0.1 BTC        |///**Shark Fin Plus**///| Product | APR | Investment Term | Price Range     | Minimum Subscription |///|----------------------|-------------------|----------|-------------------|--------------|///|///Shark Fin Plus USDT///| 1.80% ~ 7.60%   | 7 days      | $54000 ~ $67000 | 10,000 USDT   |///|///Shark Fin Plus BTC///| 0.40% ~ 2.54%   | 7 days       | $54000 ~ $67000 | 0.5 BTC      |///|///Shark Fin Plus ETH///| 1.50% ~ 7.00%   | 7 days       | $2400 ~ $3100  | 10 ETH       |///**Stable Income Investment**///| Product   | APR | Minimum Subscription |///|------------------|--------------|--------------|///|///7-day Stable Income USDT///| 3.00%        | 10,000 USDT  |///|///45-day Stable Income USDT///| 3.50%        | 10,000 USDT  |///|///7-day Stable Income BTC///| 0.70%        | 0.5 BTC      |///|///45-day Stable Income BTC///| 0.90%        | 0.5 BTC      |///|///7-day Stable Income ETH///| 3.50%        | 10 ETH       |///|///45-day Stable Income ETH///| 4.00%        | 10 ETH       |///**Hybrid Interest**///| Product  | 30-Day Average APR | Minimum Subscription |///|------------|----------------------|--------------|///|///Hybrid Interest USDT///| 2.50%                | 10,000 USDT  |///|///Hybrid Interest BTC///| 0.50%                | 0.5 BTC      |///|///Hybrid Interest ETH///| 3.20%                | 10 ETH       |///**Tailored Services:**///•Customized solutions for unique needs.///•Innovative portfolios using interval interest and dual non-touch strategies.///**Secure Fund Protection:**///•Independent investment accounts and client fund monitoring ensure security.///•Merkle tree audits and 100% fund mapping enhance transparency and reliability.///For inquiries or specific needs, please contact us at institutional@gate.io or through Telegram at @Gateio_Matt.
Gate.io	https://www.gate.io/announcements/article/38447	Gate Wealth	Gate Wealth Wednesday: BTC Quant Fund with an Expected Annualized Return of 0.76%, USDT Quante Fund with an Expected Annualized Return of 8.44%!	2024-08-07 10:15:06	2024-09-13 22:42:03	No	**Gate Wealth Key Features:**///• Quant Fund: Expert strategies offering high expected annual returns without a lock-up period.///• Shark Fin Plus: Short-term high returns with principal protection, BTC price range increased to $13,000.///• Stable Income Investment: A principal-protected fixed income product, ideal for long-term steady growth.///• Hybrid Interest: Floating annualized returns with the flexibility of deposits and withdrawals at any time.///Subscribe Now///**Gate Wealth Product Info for this Period: **///**Quant Fund**///| Product        | Est. 30-Day APR | YTD APR |Lock-up Period| Minimum Subscription |///|---------------------- |----------------|----------------------|-----------|----------------|///|///HedgeSmart Strategies-USDT///| 8.44%       | 13.82%              | Redeem anytime  | 5,000 USDT     |///|///Neutral Edge Capital-USDT///|7.06%   | 20.39%              | Redeem anytime  | 10,000 USDT    |///|///Returns Pioneer Capital-USDT///|6.47%    | 12.11%              | Redeem anytime  | 10,000 USDT    |///|///Hedge Ark Capital-USDT///| 6.07%   | 17.08%              |Redeem anytime  | 10,000 USDT    |///|///Returns Pioneer Capital-BTC///| 0.76%  | 11.56%              | Redeem anytime  | 0.1 BTC        |///|///Hedge Ark Capital-BTC///| -1.00%  | 2.79%               | Redeem anytime  | 0.1 BTC        |///**Shark Fin Plus**///| Product | APR | Investment Term | Price Range     | Minimum Subscription |///|----------------------|-------------------|----------|-------------------|--------------|///|///Bullish Shark Fin Plus USDT///| 1.20% ~ 5.50%  | 7 days      | $52000 ~ $65000 | 10,000 USDT   |///|///Bullish Shark Fin Plus BTC///|0.40% ~2.40%    | 7 days       | $52000 ~ $65000 | 0.5 BTC      |///|///Bullish Shark Fin Plus ETH///| 1.60% ~7.20%    | 7 days       | $2300 ~ $3000   | 10 ETH       |///|///Bearish Shark Fin Plus USDT///| 1.25% ~5.60%   | 7 days      | $48000 ~ $61000 | 10,000 USDT   |///|///Bearish Shark Fin Plus BTC///| 0.40% ~ 2.50%    | 7 days       | $48000 ~ $61000 | 0.5 BTC      |///|///Bearish Shark Fin Plus ETH///| 1.6%~7.2%    | 7 days       | $2100 ~ $2800   | 10 ETH       |///**Stable Income Investment**///| Product   | APR | Minimum Subscription |///|------------------|--------------|--------------|///|///7-day Stable Income USDT///| 3.00%        | 10,000 USDT  |///|///45-day Stable Income USDT///| 3.50%        | 10,000 USDT  |///|///7-day Stable Income BTC///| 0.70%        | 0.5 BTC      |///|///45-day Stable Income BTC///| 0.90%        | 0.5 BTC      |///|///7-day Stable Income ETH///| 3.50%        | 10 ETH       |///|///45-day Stable Income ETH///| 4.00%        | 10 ETH       |///**Hybrid Interest**///| Product  | 30-Day Average APR | Minimum Subscription |///|------------|----------------------|--------------|///|///Hybrid Interest USDT///| 2.50%                | 10,000 USDT  |///|///Hybrid Interest BTC///| 0.50%                | 0.5 BTC      |///|///Hybrid Interest ETH///| 3.20%                | 10 ETH       |///**Tailored Services:**///•Customized solutions for unique needs.///•Innovative portfolios using interval interest and dual non-touch strategies.///**Secure Fund Protection:**///•Independent investment accounts and client fund monitoring ensure security.///•Merkle tree audits and 100% fund mapping enhance transparency and reliability.///For inquiries or specific needs, please contact us at institutional@gate.io or through Telegram at @Gateio_Matt.
Gate.io	https://www.gate.io/announcements/article/39211	New Cryptocurrency Listings	Gate.io Startup:Crypsure (CRS) Initial Sale Result and Listing Schedule	2024-09-13 05:42:24	2024-09-13 22:42:05	No	**1. Crypsure (CRS)Token Sale Result**///The Gate.io Startup Crypsure (CRS)sale result is as follows:///CRS Startup Sale Amount: 2,727,273 CRS///Total value of orders (in GT): 2,730,401 GT///Total value of qualified orders (in GT): 2,712,092 GT///Tokens Per Share: 909.091 CRS///Number of orders:51,724///Number of Qualified orders: 42,146///Percentage of qualified orders: 81.48 %///Percentage of succeeded purchases: 99.33 %///Number of participants: 51,724///Number of qualified participants: 42,146///F (distribution ratio) = 0.0015170724474079///Per the previous announcement, all qualified orders will obtain the token on sale equally. To guarantee transparency and fairness, all original records are stored for possible third-party auditing.///**2. CRS Listing**///We will commence CRS trading at Sep 13th, AM 09:00 UTC. The withdrawal service will be available afterwards.///(1)Deposit CRS at: https://www.gate.io/myaccount/deposit/CRS///(2)Trade CRS at: https://www.gate.io/trade/CRS_USDT///**3. Gate.io Startup Initial Offer**///Gate.io Startup has become increasingly more popular among users, with an excellent performance since its launch. In 2020, Gate.io Startup Initial Offer has upgraded to version 2.0. We are providing more flexible and diversified services to attract more promising projects. At the same time, we are aiming at providing more protections to our users.///If you are a project team and want to commence your initial token sale here, submit a request below.///Apply at:  https://www.gate.io/listrequest///If you project has had initial token sale and wants to be listed at Gate.io, you may also apply to participate in our voting for listing activities. If you are our user and have a good project to recommend, please fill the application form and let us know. Lets work together to boost the development of Gate.io and create more benefits to our users.///Gate.io is a Cryptocurrency Trading Platform Since 2013///Top ranking, Trustworthy, Transparent///Sign up  to enter the crypto gateway and get 40% commission from referrals///Download iOS/Android App right now.///Follow us on social///Twitter: https://twitter.com/gate_io///Telegram: https://t.me/gate_zh///Instagram: https://www.instagram.com/gateioglobal///Medium: https://medium.com/ @gateio///Gate.io Team///Sep 13th, 2024
Gate.io	https://www.gate.io/announcements/article/39172	New Cryptocurrency Listings	GT Holder-Exclusive Airdrop: Gate.io Startup Initial Free Offering: Crypsure (CRS) and Only GT Subscription Rules Announcement (2,727,273 CRS free of charge)	2024-09-11 11:34:05	2024-09-13 22:42:05	No	This Crypsure (CRS) will only be available for GT subscriptions. Please be aware that the participation users funds will not be deducted at the end of this Crypsure (CRS) Subscription.///Click to Subscribe///**Introduction to Crypsure (CRS): **///Crypsure is revolutionizing ecommerce with a decentralized payments platform that brings the security of traditional credit card chargebacks to cryptocurrency transactions. Powered by the CRS token, the platform fosters community involvement and efficient dispute resolution. By leveraging blockchain technology and AI, Crypsure ensures trust, security, and efficiency, addressing consumer confidence in crypto dealings. This innovation is key to driving mainstream adoption of cryptocurrencies for everyday use, positioning Crypsure as a leader in shaping a future where digital currencies are a secure and reliable payment method across the globe.///(The information below is provided by the Crypsure (CRS) team. Please follow the website for more information)///**Token Information**///Token name: Crypsure///Token symbol: CRS///Max Supply: 10,000,000,000 CRS///Token Type: ERC-20///Token Contract: 0x98d4224d592fb160d117e96f004decafe88ff590///Token Distribution and Unlocked Rules:///Ecosystem 40%: 10% unlocked at TGE, 5 months lockup, 17 months vesting///Development 20%: 10% unlocked at TGE, 4 months lockup, 17 months vesting///Marketing 15%: 10% unlocked at TGE, no lockup, 24 months vesting///Strategic Investors and Partners 10%: no emission at TGE, 11 months lockup, 24 months vesting///Escrow funds for protocol 5%: 10% unlocked at TGE, no lockup, 37 months vesting///Team and Advisors 5%: no emission at TGE, 11 months lockup, 12 months vesting///Liquidity and Reserve 5%: no emission at TGE, 17 months lockup, 12 months vesting///Website: https://crypsure.app////Whitepaper: https://drive.google.com/file/d/1DzzeMZMilbhOpELcxuTvrfuTj0lEWPNQ/view?usp=drive_link///Token Information: https://etherscan.io/token/0x98d4224d592fb160d117e96f004decafe88ff590///**Crypsure (CRS)Startup Sale Rules**///(1) Duration: 12:00 PM on September 11st - 05:00 AM on September 13rd (UTC), 2024 (Orders placed by qualified users within the subscription period will be treated equally.)///(2) Trading starts time: 09:00 AM on September 13rd (UTC), 2024///Trading pair: CRS/USDT///(3) Subscription Token: GT///(4) Subscription Price: $0 GT///(5) Subscription Total: 4,285 GT///(6) Startup Total Supply: 2,727,273 CRS///(7) Unlock rule: 100% Unlock///(8) Participation Requirement:///1.Users participating in the GT Holder-Exclusive Airdrop will no longer be required to have an average GT holding of not less than 10 GT in the past 14 days. Holding 10 GT when participating will be eligible.///2.Your asset balance will be detected during token distribution. Please ensure your asset balance of not less than 10 GT, otherwise, it may result in subscription failure.///3.The available shares of each project vary for different projects. Please refer to the project announcement or the available shares when participating.///Participate in Startup now: https://www.gate.io/startup///(9) Announcement of results: After the end of the days subscription, the system will count all eligible subscription orders.///Please Note: Multiple accounts with the same KYC information when claiming Startup shares will be deemed as cheating behavior, and any cheating behavior is prohibited. In case of cheating, Gate.io reserves the right to disqualify the users involved and forfeit their rewards.///**How to Participate**///Log in to your Gate.io account → Navigate to the Startup page → Ensure your GT holding is no less than 10 GT → Participate in the subscription.///**Notes:**///1.Other rules remain unchanged, please refer to: https://www.gate.io/article/36145///2.New rules take effect from 00:00AM April 25th, 2024 (UTC+0). The Web version has been updated and please update your App to the latest version (6.2.0).///3.GateToken (GT) is the unique exchange token of Gate.io exchange and the native token to Gatechain public chain. Hold GT and claim exclusive free airdrops now: https://www.gate.io/trade/GT_USDT///4.Please adhere to the relevant rules of the event when participating. Any cheating behavior is prohibited. An occurrence of any dishonesty will result in the disqualification of the rewards.///5.Where any discrepancy arises between the translated versions and the original English version, the English version shall prevail.///6.Gate.io reserves all rights to the final explanation.///7.This event is not affiliated with Apple Inc. Users in the United Kingdom and other Restricted Locations cannot access the Services (including the participation in this event, game or competition). See the User Agreement for further details on Restricted Locations.///**Gate.io Labs Investment Disclosure**///Gate.io Labs did not invest in Crypsure (CRS) .///**Attention**///(1) Please be noted that we may restrict or prohibit the use of all or a portion of the Services (including the participation in this event, game or competition) from Restricted Locations, including but not limited to the United Kingdom, United States of America, Mainland China, Singapore, Canada, France, Germany, Hong Kong, Lithuania, Malaysia, Malta, Cuba, Iran, North Korea, Sudan, Syria, Crimea Region, Spain, Luhansk, Donetsk, Netherlands, Bolivia and so on.///We may in our sole and absolute discretion elect to make the Services, or only part of the Services available in certain jurisdictions. For more information regarding the Restricted Locations, please read the User Agreement Section 2.3(d) Restricted Locations. We do not intend to solicit or conduct marketing towards customers in such Restricted Locations.///(2) Risk Warning:///-The project team does not guarantee that token price will not be lower than its startup sale price. Please invest with caution, and dont invest beyond your financial capacity.///-The start-up project is still in its initial stage, factors including the operation and underlying technology of the project, and other related regulatory activities might contribute to significant risks.///-Advanced technical and financial knowledge is required to understand, and evaluate the inherent risks of crypto-asset investment.///-The market volatility is high, and the price of a token might fluctuate drastically due to technical, regulatory, and marketing factors.///-Users may not be able to withdraw all the purchased tokens due to technical issues of the project or Gate.io.///(3) Requirements for participants///-The participant should register on Gate.io and Log in;///-After logging in, complete user identity verification;///-Deposit a certain amount of cryptocurrencies in your gate.io account;///-Sign the Purchase Agreement on Startup before placing orders.
Gate.io	https://www.gate.io/announcements/article/39140	Finance	Gate.io GT Staking Now Live on the App, Earn 15.46% Real-time APR!	2024-09-10 09:35:45	2024-09-13 22:42:09	No	GT Staking is now officially up and running on the Gate.io App! You can enjoy a robust APR of 15.46% and earn stable returns by staking GT daily. It supports instant staking and redemption, allowing you to manage your assets with ease. Plus, you can start staking with just 1 GT.///Start Staking GT Now!///GT Staking is already available on the Web - just put your cursor on Finance and click on GT Staking to enter. The entry on the App was released on September 9th, so be sure to **update your App to version 6.21 **before you use this product. ///Stay tuned for the upcoming launches of SOL Staking and USDE Staking on September 11th!///**How to join GT Staking?**
Gate.io	https://www.gate.io/announcements/article/39230	Trading Competitions	Gate.io Fractal Bitcoin (FB) Limited-Time Listing Campaign:  Trade FB to Split a $15,000 Prize Pool	2024-09-13 10:38:52	2024-09-13 22:42:11	No	Gate.io has listed Fractal Bitcoin (FB) at 8:00 PM Sep 13, 2024 UTC! To celebrate the listing, we're launching a Trading Campaign. Join now for a chance to share in a $15,000 prize pool. Don't miss out!///**Campaign Period:** 8:00 AM, Sep 13 - 8:00 AM, Sep 20 (UTC)///**Activity 1: Trade $FB to Split a $15,000 Prize Pool**///During the campaign period, users who complete spot trading of no less than $100 in FB will share $15,000 proportionally based on the spot trading volume.///**Trade Now: FB/USDT **///**Activity 2: Fractal Bitcoin (FB) Community New User Exclusive - Win Double Deposit Rewards**///New users who register with identity verification, and deposit no less than $10 worth of FB, will receive double FB rewards based on their net deposit volume. First come, first served.///**Register Now: https://www.gate.io/announcements/article/39173**///**Notice:**///1.All participants need to complete identity verification to claim rewards.///2.Net deposit volume= (deposits + fiat buys) - (withdrawals + fiat sells).///3.Trading volume = buy volume + sell volume.///4.The total prize pool of the activity is $15,000 Gate.io Points (valid for 30 days). The ceiling to split the prize pool in Activity 1 is $100. Users can participate in both Activity 1 and Activity 2 to win rewards.///5.The rewards will be distributed within 14 working days after the campaign ends. The rewards distribution announcement will be released at Gate.io News.///6.The use of duplicate accounts and any other cheating behaviors, such as inflation of trading volume, bulk registration of fake accounts, self-trading, order matching, etc, are strictly prohibited. Multiple accounts with the same KYC verification information will be treated as the same account.///7.Market makers, corporations, institutions and affiliate accounts are not eligible to participate in this event.///8.Users can only receive rewards from one campaign if participating in many other campaigns on Gate.io at the same time.///9.Where any discrepancy arises between the translated versions and the original English version, the English version shall prevail.///10.Gate.io reserves all rights to the final explanation.///11.This event is not affiliated with Apple Inc. ///12.Users in the United Kingdom and other Restricted Locations cannot access the Services (including the participation in this event, game or competition). See the User Agreement for further details on Restricted Locations. We do not intend to solicit or conduct marketing towards customers in such restricted locations.///Risk Warning:///Please be sure to note that the virtual currency market is volatile and losses may occur in different situations, so you are strongly recommended to understand all the related information and be vigilant in regards to your investment actions.
Gate.io	https://www.gate.io/announcements/article/39048	Trading Competitions	Gate.io SWGT, GEMS, SEAL, 0DOG, TOSHI, SUNDOG, KONET and BN Trading Competition Reward Distributed Announcement	2024-09-05 06:50:08	2024-09-13 22:42:11	No	Gate.io SWGT, GEMS, SEAL, 0DOG, TOSHI, SUNDOG, KONET and BN Trading Competition has come to a successful end! According to the criteria of this activity, we have issued rewards to users who met the conditions. Users can enter Wallet - Bill  to check the reward distribution. ///**For details and rules of the activity, please visit**///[[Token For Life and For Work: SmartWorld Global Token(SWGT) Trading Competition is Live, Join and Share $18,000 Rewards!]](https://www.gate.io/announcements/article/38668 [Token For Life and For Work: SmartWorld Global Token(SWGT) Trading Competition is Live, Join and Share $18,000 Rewards!])///[[Community Driven Project Funding: Gems(GEMS) Trading Competition is Live, Join and Share $11,000 Rewards!]](https://www.gate.io/announcements/article/38727 [Community Driven Project Funding: Gems(GEMS) Trading Competition is Live, Join and Share $11,000 Rewards!])///[[Token Deployed on RGB++ Protocol: Seal(SEAL) Trading Competition is Live, Join and Share $12,000 Rewards!]](https://www.gate.io/announcements/article/38734 [Token Deployed on RGB++ Protocol: Seal(SEAL) Trading Competition is Live, Join and Share $12,000 Rewards!])///[[A Digital Playground: Bitcoin Dogs(0DOG) Trading Competition is Live, Join and Share $10,000 Rewards!]](https://www.gate.io/announcements/article/38754 [A Digital Playground: Bitcoin Dogs(0DOG) Trading Competition is Live, Join and Share $10,000 Rewards!])///[[Build on Base Blockchain: Toshi(TOSHI) Trading Competition is Live, Join and Share $14,000 Rewards!]](https://www.gate.io/announcements/article/38760 [Build on Base Blockchain: Toshi(TOSHI) Trading Competition is Live, Join and Share $14,000 Rewards!])///[[A Dynamic Token on TRON: SunDog (SUNDOG) Trading Competition is Live, Join and Share $15,000 Rewards!]](https://www.gate.io/announcements/article/38767 [A Dynamic Token on TRON: SunDog (SUNDOG) Trading Competition is Live, Join and Share $15,000 Rewards!])///[[PoSDAO for Decentralized Governance: KONET(KONET) Trading Competition is Live, Join and Share $16,000 Rewards!]](https://www.gate.io/announcements/article/38788 [PoSDAO for Decentralized Governance: KONET(KONET) Trading Competition is Live, Join and Share $16,000 Rewards!])///[[Domain Innovation and Cross-Chain Token: TNA (BN) Trading Competition is Live, Join and Share $25,000 Rewards!]](https://www.gate.io/announcements/article/38795 [Domain Innovation and Cross-Chain Token: TNA (BN) Trading Competition is Live, Join and Share $25,000 Rewards!])///Gate.io reserves the right of final interpretation of this activity. If you have any questions, please contact us through live chat.
Gate.io	https://www.gate.io/announcements/article/38971	Trading Competitions	DAO-Governed Multichain Launchpad: Pika Protocal (PIKA) Trading Competition is Live, Join and Share $22,000 Rewards!	2024-09-02 07:18:16	2024-09-13 22:42:11	No	Gate.io is currently holding the Pika Protocal (PIKA)  trading competition. Join right now and share the $22,000 reward prize pool!///**Campaign Period:** 7:00 AM, Sep 2 - Sep 9 (UTC)///**Ready to Win: Complete Tasks and Share $15,000 Prizes**///Complete any of the tasks to get Tickets during the event, and finally split the bounty based on the number of cumulative Tickets. The total prize pool is $15,000 !///|  Tasks |   Tickets|///| ------------ | ------------ |///| With no less than $50 in daily net deposit. (Accumulate the Tickets according to the consecutive days that the daily net deposit volume meets the threshold.)  | x 1   |///| Accumulate every $200 in PIKA spot trading volume or every $500 in any spot trading volume  |   x 2 |///| Accumulate every $1,000 in perpetual futures trading volume  |   x 2  |///|Each time you invite 1 new user to register with identity verification   |   x 2  |///| Each time you invite 1 new user to register with identity verification, and the invitee's spot trading is no less than $50  |   x 10  |///**Trade Now: << PIKA/USDT >>**///**Newcomer Perks: New Users Register and Share $7,000**///New users who register and complete any task to get at least 1 Ticket during the event, will stand to win extra $5 exclusive reward. The total prize pool is $7,000. First-come, first-served!///**New User: << Register >>**///**Notice:**///1.All participants need to complete identity verification to claim rewards.///2.Trading volume = buy volume + sell volume.///3.Net deposit volume= (deposits + fiat buys) - (withdrawals + fiat sells). Deposits are limited to on-chain deposits. Fund transfer/Gatecode deposit among Gate.io accounts will be invalid. The daily net deposit data will be calculated at 23:59 (UTC) each day.///4.The rewards will be PIKA, and the total prize pool is 54,167 PIKA. Participants need to complete at least $200 in spot trading during the event to split the Ticket Prizes Pool. Rewards will be distributed in project tokens within 14 working days after the campaign ends (Wallet-Bill.) The rewards distribution announcement will be released at Gate.io News.///5.The use of duplicate accounts and any other cheating behaviors, such as inflation of trading volume, bulk registration of fake accounts, self-trading, order matching, etc, are strictly prohibited. Multiple accounts with the same KYC verification information will be treated as the same account.///6.Market makers, corporations, institution accounts and affiliate accounts are not eligible to participate in this event.///7.Users can only receive rewards from one campaign if participating in many other campaigns on Gate.io at the same time.///8.Where any discrepancy arises between the translated versions and the original English version, the English version shall prevail.///9.Gate.io reserves all rights to the final explanation.///10This event is not affiliated with Apple Inc.///11.Users in the United Kingdom and other Restricted Locations cannot access the Services (including the participation in this event or competition). See the User Agreement for further details on Restricted Locations. We do not intend to solicit or conduct marketing towards customers in such restricted locations.
Gate.io	https://www.gate.io/announcements/article/38903	Trading Competitions	Innovative Social Economy Engine: Moxie(MOXIE) Trading Competition is Live, Join and Share $60,000 Rewards!	2024-08-29 05:34:05	2024-09-13 22:42:11	No	Gate.io is currently holding the Moxie(MOXIE) trading competition. Join right now and share the $60,000 reward prize pool!///Campaign Period: 7:00 AM, Aug 29 - Sep 12 (UTC)///**Ready to Win: Complete Tasks and Share $40,000 Prizes**///Complete any of the tasks to get Tickets during the event, and finally split the bounty based on the number of cumulative Tickets. The total prize pool is $40,000 !///|Tasks   | Tickets  |///|:------------ |:------------ |///|With no less than $50 in daily net deposit. (Accumulate the Tickets according to the consecutive days that the daily net deposit volume meets the threshold.)   | x 1   |///|Accumulate every $200 in MOXIE spot trading volume or every $500 in any spot trading volume   |  x 2  |///|Accumulate every $1,000 in perpetual futures trading volume   |  x 2  |///|Each time you invite 1 new user to register with identity verification   |   x 2 |///| Each time you invite 1 new user to register with identity verification, and the invitee's spot trading is no less than $50  | x 10   |///**Trade Now:** << MOXIE/USDT >>///**Newcomer Perks: New Users Register and Share $20,000**///New users who register and complete any task to get at least 1 Ticket during the event, will stand to win extra $5 exclusive reward. The total prize pool is $20,000. First-come, first-served!///**New User:** << Register >>///Notice:///1.All participants need to complete identity verification to claim rewards.///2.Trading volume = buy volume + sell volume.///3.Net deposit volume= (deposits + fiat buys) - (withdrawals + fiat sells). Deposits are limited to on-chain deposits. Fund transfer/Gatecode deposit among Gate.io accounts will be invalid. The daily net deposit data will be calculated at 23:59 (UTC) each day.///4.The rewards will be MOXIE, and the total prize pool is 23,333,333 MOXIE. Participants need to complete at least $200 in spot trading during the event to split the Ticket Prizes Pool. Rewards will be distributed in project tokens within 14 working days after the campaign ends (Wallet-Bill.) The rewards distribution announcement will be released at Gate.io News.///5.The use of duplicate accounts and any other cheating behaviors, such as inflation of trading volume, bulk registration of fake accounts, self-trading, order matching, etc, are strictly prohibited. Multiple accounts with the same KYC verification information will be treated as the same account.///6.Market makers, corporations, institution accounts and affiliate accounts are not eligible to participate in this event.///7.Users can only receive rewards from one campaign if participating in many other campaigns on Gate.io at the same time.///8.Where any discrepancy arises between the translated versions and the original English version, the English version shall prevail.///9.Gate.io reserves all rights to the final explanation.///10This event is not affiliated with Apple Inc.///11.Users in the United Kingdom and other Restricted Locations cannot access the Services (including the participation in this event or competition). See the User Agreement for further details on Restricted Locations. We do not intend to solicit or conduct marketing towards customers in such restricted locations.
Gate.io	https://www.gate.io/announcements/article/38873	Trading Competitions	Gate.io CATDOG, NCN, WHY and CAD Trading Competition Reward Distributed Announcement	2024-08-28 01:56:15	2024-09-13 22:42:11	No	Gate.io  CATDOG, NCN, WHY and CAD Trading Competition has come to a successful end! According to the criteria of this activity, we have issued rewards to users who met the conditions. Users can enter Wallet - Bill  to check the reward distribution. ///**For details and rules of the activity, please visit**///[[Unite Cat and Dog Lovers: CatDog(CATDOG) Trading Competition is Live, Join and Share $10,000 Rewards!]](https://www.gate.io/announcements/article/38486 [Unite Cat and Dog Lovers: CatDog(CATDOG) Trading Competition is Live, Join and Share $10,000 Rewards!])///[[DeAl Infrastructure for Seamless Building: NeurochainAI (NCN) Trading Competition is Live, Join and Share $11,000 Rewards!]](https://www.gate.io/announcements/article/38508 [DeAl Infrastructure for Seamless Building: NeurochainAI (NCN) Trading Competition is Live, Join and Share $11,000 Rewards!])///[[A New Coin with Humorous Connotations: WHY (WHY) Trading Competition is Live, Join and Share $14,000 Rewards!]](https://www.gate.io/announcements/article/38516 [A New Coin with Humorous Connotations: WHY (WHY) Trading Competition is Live, Join and Share $14,000 Rewards!])///[[Modular blockchain infrastructure: Caduceus Protocol (CAD) Trading Competition is Live, Join and Share $10,000 Rewards!]](https://www.gate.io/announcements/article/38617 [Modular blockchain infrastructure: Caduceus Protocol (CAD) Trading Competition is Live, Join and Share $10,000 Rewards!])///Gate.io reserves the right of final interpretation of this activity. If you have any questions, please contact us through live chat.
Gate.io	https://www.gate.io/announcements/article/38859	Trading Competitions	Building with AI and Decentralization: Sonorus (SNS) Trading Competition is Live, Join and Share $13,000 Rewards!	2024-08-27 07:08:58	2024-09-13 22:42:11	No	Gate.io is currently holding the Sonorus (SNS) trading competition. Join right now and share the $15,000 reward prize pool!///**Campaign Period:** 7:00 AM, Aug 27 - Sep 3 (UTC)///**Ready to Win: Complete Tasks and Share $12,000 Prizes**///Complete any of the tasks to get Tickets during the event, and finally split the bounty based on the number of cumulative Tickets. The total prize pool is $12,000 !///| Tasks  |Tickets   |///| ------------ | ------------ |///| With no less than $50 in daily net deposit.(Accumulate the Tickets according to the consecutive days that the daily net deposit volume meets the threshold.)  |   x 1 |///|  Accumulate every $200 in SNS spot trading volume or every $500 in any spot trading volume |  x 2 |///| Accumulate every $1,000 in perpetual futures trading volume  |  x 2  |///| Each time you invite 1 new user to register with identity verification  |  x 2  |///| Each time you invite 1 new user to register with identity verification, and the invitee's spot trading is no less than $50  |   x 10 |///**Trade Now**: << SNS/USDT >>///**Newcomer Perks: New Users Register and Share $3,000**///New users who register and complete any task to get at least 1 Ticket during the event, will stand to win extra $5 exclusive reward. The total prize pool is $3,000. First-come, first-served!///**New User**: << Register >>///**Notice:**///1.All participants need to complete identity verification to claim rewards.///2.Trading volume = buy volume + sell volume.///3.Net deposit volume= (deposits + fiat buys) - (withdrawals + fiat sells). Deposits are limited to on-chain deposits. Fund transfer/Gatecode deposit among Gate.io accounts will be invalid. The daily net deposit data will be calculated at 23:59 (UTC) each day.///4.The rewards will be SNS, and the total prize pool is 474,107 SNS. Participants need to complete at least $200 in spot trading during the event to split the Ticket Prizes Pool. Rewards will be distributed in project tokens within 14 working days after the campaign ends (Wallet-Bill.) The rewards distribution announcement will be released at Gate.io News.///5.The use of duplicate accounts and any other cheating behaviors, such as inflation of trading volume, bulk registration of fake accounts, self-trading, order matching, etc, are strictly prohibited. Multiple accounts with the same KYC verification information will be treated as the same account.///6.Market makers are not eligible to participate in this event.///7.Users can only receive rewards from one campaign if participating in many other campaigns on Gate.io at the same time.///8.Where any discrepancy arises between the translated versions and the original English version, the English version shall prevail.///9.Gate.io reserves all rights to the final explanation.///10This event is not affiliated with Apple Inc.///11.Users in the United Kingdom and other Restricted Locations cannot access the Services (including the participation in this event or competition). See the User Agreement for further details on Restricted Locations. We do not intend to solicit or conduct marketing towards customers in such restricted locations.
Gate.io	https://www.gate.io/announcements/article/38853	Trading Competitions	Cross-Chain Derivatives Token: Orderly Network (ORDER) Trading Competition is Live, Join and Share $39,000 Rewards!	2024-08-27 05:44:52	2024-09-13 22:42:11	No	Gate.io is currently holding the Orderly Network (ORDER) trading competition. Join right now and share the $39,000 reward prize pool!///**Campaign Period**: 9:00 AM, Aug 27 - Sep 3 (UTC)///**Ready to Win: Complete Tasks and Share $29,000 Prizes**///Complete any of the tasks to get Tickets during the event, and finally split the bounty based on the number of cumulative Tickets. The total prize pool is $29000 !///|  **Tasks** |**Tickets**   |///| ------------ | ------------ |///|With no less than $50 in daily net deposit. (Accumulate the Tickets according to the consecutive days that the daily net deposit volume meets the threshold.)| x 1 |///|Accumulate every $200 in ORDER spot trading volume or every $500 in any spot trading volume  | x 2   |///|Accumulate every $1,000 in perpetual futures trading volume   | x 2   |///|Each time you invite 1 new user to register with advanced verification   | x 2   |///|Each time you invite 1 new user to register with advanced verification, and the invitee's spot trading is no less than $50   | x 10   |///**Trade Now: << ORDER/USDT >>**///**Newcomer Perks: New Users Register and Share $10,000**///New users who register and complete any task to get at least 1 Ticket during the event, will stand to win extra $5 exclusive reward. The total prize pool is $10,000. First-come, first-served!///**New User: << Register >>**///**Notice:**///1.All participants need to complete identity verification to claim rewards.///2.Trading volume = buy volume + sell volume.///3.Net deposit volume= (deposits + fiat buys) - (withdrawals + fiat sells). Deposits are limited to on-chain deposits. Fund transfer/Gatecode deposit among Gate.io accounts will be invalid. The daily net deposit data will be calculated at 23:59 (UTC) each day.///4.The rewards will be ORDER, and the total prize pool is 195,000 ORDER. Participants need to complete at least $200 in spot trading during the event to split the Ticket Prizes Pool. Rewards will be distributed in project tokens within 14 working days after the campaign ends (Wallet-Bill.) The rewards distribution announcement will be released at Gate.io News.///5.The use of duplicate accounts and any other cheating behaviors, such as inflation of trading volume, bulk registration of fake accounts, self-trading, order matching, etc, are strictly prohibited. Multiple accounts with the same KYC verification information will be treated as the same account.///6.Market makers are not eligible to participate in this event.///7.Users can only receive rewards from one campaign if participating in many other campaigns on Gate.io at the same time.///8.Where any discrepancy arises between the translated versions and the original English version, the English version shall prevail.///9.Gate.io reserves all rights to the final explanation.///10This event is not affiliated with Apple Inc.///11.Users in the United Kingdom and other Restricted Locations cannot access the Services (including the participation in this event or competition). See the User Agreement for further details on Restricted Locations. We do not intend to solicit or conduct marketing towards customers in such restricted locations.
Gate.io	https://www.gate.io/announcements/article/38788	Trading Competitions	PoSDAO for Decentralized Governance: KONET(KONET) Trading Competition is Live, Join and Share $16,000 Rewards!	2024-08-23 04:22:01	2024-09-13 22:42:11	No	Gate.io is currently holding the KONET(KONET) trading competition. Join right now and share the $16,000 reward prize pool!///**Campaign Period: **4:00 AM, Aug 23 - Aug 30 (UTC)///**Activity 1: Trade KONET to Share $11,000**///During the campaign period, users who make no less than $200 trading volume in KONET will share $11,000 proportionally.///**Trade Now: << KONET/USDT >>**///**Activity 2: Benefits for New Users and Referrals, Share $5,000**///1.New users who register for a Gate.io account will receive $10 each. Limited to the first 200 users, first-come, first-served!///**New User: << Register >>**///2.Users who invite friends to register for a Gate.io account will receive $5 for each invitee. Up to 50 new users can be invited.///**Invite New Users: << Copy Link >>**///**Notice:**///1.All participants need to complete advanced verification to claim rewards.///2.The qualified new users should have no less than $50 net deposit volume in BTC, ETH, USDT or USDC to claim the rewards.///3.Net deposit volume= (deposits + fiat buys) - (withdrawals + fiat sells); Trading volume = buy volume + sell volume.///4.The rewards will be KONET, and the total prize pool is 53,333 KONET. Rewards will be distributed in project tokens within 14 working days after the campaign ends (Wallet-Bill.) The rewards distribution announcement will be released at Gate.io News.///5.The use of duplicate accounts and any other cheating behaviors, such as inflation of trading volume, bulk registration of fake accounts, self-trading, order matching, etc, are strictly prohibited. Multiple accounts with the same KYC verification information will be treated as the same account.///6.Market makers are not eligible to participate in this event.///7.Users can only receive rewards from one campaign if participating in many other campaigns on Gate.io at the same time.///8.Where any discrepancy arises between the translated versions and the original English version, the English version shall prevail.///9.Gate.io reserves all rights to the final explanation.///10This event is not affiliated with Apple Inc.///11.Users in the United Kingdom and other Restricted Locations cannot access the Services (including the participation in this event or competition). See the User Agreement for further details on Restricted Locations. We do not intend to solicit or conduct marketing towards customers in such restricted locations.
Gate.io	https://www.gate.io/announcements/article/38760	Trading Competitions	Build on Base Blockchain: Toshi(TOSHI) Trading Competition is Live, Join and Share $14,000 Rewards!	2024-08-22 07:30:11	2024-09-13 22:42:11	No	Gate.io is currently holding the Toshi(TOSHI) trading competition. Join right now and share the $14,000 reward prize pool!///**Campaign Period:** 7:00 AM, Aug 22 - Aug 29 (UTC)///**Activity 1: Trade TOSHI to Share $9,000**///During the campaign period, users who make no less than $200 trading volume in TOSHI will share $9,000 proportionally.///**Trade Now: << TOSHI/USDT >>**///**Activity 2: Benefits for New Users and Referrals, Share $5,000**///1.New users who register for a Gate.io account will receive $10 each. Limited to the first 200 users, first-come, first-served!///**New User: << Register >>**///2.Users who invite friends to register for a Gate.io account will receive $5 for each invitee. Up to 50 new users can be invited.///**Invite New Users: << Copy Link >>**///**Notice:**///1.All participants need to complete advanced verification to claim rewards.///2.The qualified new users should have no less than $50 net deposit volume in BTC, ETH, USDT or USDC to claim the rewards.///3.Net deposit volume= (deposits + fiat buys) - (withdrawals + fiat sells); Trading volume = buy volume + sell volume.///4.The rewards will be TOSHI, and the total prize pool is 114,041,340 TOSHI. Rewards will be distributed in project tokens within 14 working days after the campaign ends (Wallet-Bill.) The rewards distribution announcement will be released at Gate.io News.///5.The use of duplicate accounts and any other cheating behaviors, such as inflation of trading volume, bulk registration of fake accounts, self-trading, order matching, etc, are strictly prohibited. Multiple accounts with the same KYC verification information will be treated as the same account.///6.Market makers are not eligible to participate in this event.///7.Users can only receive rewards from one campaign if participating in many other campaigns on Gate.io at the same time.///8.Where any discrepancy arises between the translated versions and the original English version, the English version shall prevail.///9.Gate.io reserves all rights to the final explanation.///10This event is not affiliated with Apple Inc.///11.Users in the United Kingdom and other Restricted Locations cannot access the Services (including the participation in this event or competition). See the User Agreement for further details on Restricted Locations. We do not intend to solicit or conduct marketing towards customers in such restricted locations.
Gate.io	https://www.gate.io/announcements/article/39012	Deposit & Withdrawal	Gate.io Supports BLOCX (BLOCX) Upgrade Plan	2024-09-03 12:01:43	2024-09-13 22:42:13	No	According to the BLOCX (BLOCX) team, the BLOCX (BLOCX) mainnet is scheduled to undergo an upgrade at block height 283,000. To support this upgrade, Gate.io will suspend the deposit and withdrawal services for BLOCX (BLOCX) during this period, and will restore the services as soon as the upgrade is completed. The BLOCX (BLOCX) trading will not be affected during the upgrade period. Thanks for your understanding and support.///Source: https://x.com/blocx_tech/status/1829577845234180125?s=46
Gate.io	https://www.gate.io/announcements/article/39009	Deposit & Withdrawal	Gate.io Supports Upcoming Flow (FLOW) Network Upgrade and Hard Fork	2024-09-03 10:08:48	2024-09-13 22:42:13	No	According to the Flow team, Crescendo mainnet upgrade will take place from 12:00PM-6PM UTC on 04 September 2024, lasting about 6 hours. Gate.io will temporarily suspend deposit and withdrawal services in advance to support this upgrade. Please be patient as the upgrade verification may take some time. Deposits and withdrawals will be resumed as soon as the upgrade is completed. Trading of FLOW will not be affected. Thank you for your understanding and continued support.///Official source: https://flow.com/post/flow-crescendo-road-to-mainnet-upgrade
Gate.io	https://www.gate.io/announcements/article/38651	Fee	Gate.io will Adjust the Funding Interval for RARE/USDT Perpetual Contract	2024-08-19 03:48:21	2024-09-13 22:42:18	No	To mitigate risks to users on the current market conditions, Gate.io will adjust the funding interval of RARE/USDT perpetual contract to 4 hours, starting 08:00 UTC, August 19, 2024.///Thank you for your understanding and continued support.
Gate.io	https://www.gate.io/announcements/article/38616	Live	Watch GateLive Streams: Copy Trading Every Day, Win VIP+1 and Share $10,000 !	2024-08-16 04:04:13	2024-09-13 22:42:31	No	**Enjoy GateLive Benefits**: Watch live streams, copy trading, and enjoy $8,000 in exclusive benefits with a chance to win VIP+1! Streamers can earn up to 10% commission on follow trading, plus an additional $2,000 reward!///Claim Now///**Event Duration: July 16, 2024, 04:00 - August 23, 2024, 16:00 (UTC)**///**Reward 1: Enjoy Daily $1,000 in Copy Trading Rewards, Enter a Draw for VIP+1**///1.During the event, watch GateLive streams daily and copy any trading strategy from the streamers. If your total daily spot trading volume reaches **$100** or futures trading volume reaches **$500**, you can share a $1,000 reward based on the proportion of total spot and futures trading volume. The **total prize pool is $8,000!**///2.If your total spot trading volume reaches **$500** or futures trading volume reaches $2,500 during the event, you will be eligible for a draw where 50 random users will be selected to receive **VIP+1**.///▶ **View the Copy Trading Tutorial:** https://www.gate.io/post/GateLive/status/6226599///** Reward 2: Benefits for New Viewers- VIP1 Exclusive Benefits**///Any new users who register and complete **KYC2 verification** during the event, enter a live stream, and copy the streamer's trading strategy, can receive VIP1 level privileges by accumulating a spot trading volume of $50 or a futures trading volume of $300.///Limited to the **first 100 new users**, first come, first served!///** Reward 3: Streamer Bonus - Earn Up to 10% Commission and Share $2,000 in Prizes**///During the event, streamers can live stream daily and use the GateLive Copy Trading Function. Streamers can earn a copy trading commission rate of 1%-10% based on the quality of the live stream.///Additionally, the top 20 Copy Trading Streamer will be rewarded based on the **total spot and futures trading volume** accumulated by their followers during the event!///Apply to Become a GateLive Streamer Now///**Notes**: ///1.Users need fill out the form to receive rewards.///2.On GateLive, all the rewards from the viewers are wholly distributed to live streamers. Streamers must comply with relevant rules and should not leave the stream unattended for long periods or play recorded videos during the stream.///3.The [GateLive Copy Trading function](https://www.gate.io/announcements/article/37519 GateLive Copy Trading function) provides streamers with **additional** commission income, which is an extra fee rebate beyond the platform's 40% referral commission. The commission ratio for GateLive Copy Trading is between 1%-10% depending on the quality of the stream. Low-quality or ineffective live content may result in a reduction or deduction of the commission. Streamers who stream multiple live sessions daily can attract more viewers, making it easier to earn more commissions. The bonus of the previous week will be calculated **every Monday**, and will be distributed to the streamers wallet in USDT within 7 working days (The accumulated commission should be **more than 0.1 USDT** to meet the minimum distribution requirement.). This can be viewed in Assets—History. Payout notifications will be announced in GateLive Post and GateLive X. The commission from GateLive Copy Trading is calculated before the earnings from Live Mining Program, and both of them are not cumulative.///4.Users need to complete KYC2 verification before the event ends to receive rewards.///5.Any cheating behavior is prohibited. An occurrence of any dishonesty will result in the disqualification of the prizes.///6.**Reward 1** includes Gate.io Point (valid for 60 days) and VIP+1 (valid for 7 days, up to VIP6; if the user is already above VIP6, they will receive a $30 Point). **Reward 2** includes VIP1 (valid for 7 days), and **Reward 3** includes Gate.io Futures Voucher (valid for 5 days). These rewards will be distributed within 14 working days after the event ends. The total amount of spot and futures trading in Rewards 1 and 3 is calculated using the formula: Spot trading volume x 0.7 + Futures trading volume x 0.3. Streamers can earn ranking rewards if the accumulated spot and futures trading volume of followers during the event reaches the following thresholds:///7.GateLive copy trading represents the personal opinions and strategies of the streamer and does not reflect the platform's stance. The price of digital assets is subject to high market risk and price volatility. Please evaluate whether trading is suitable for you based on your objectives and circumstances, including the associated risks and potential benefits, and bear the risks on your own.///8.Gate.io is not responsible for any direct or indirect losses resulting from copy trading activities, including but not limited to financial losses, profit losses, and any losses caused by operational errors or network failures.///9.Before engaging in copy trading, users should understand and comply with Gate.io's relevant rules, including but not limited to trading rules and risk warnings.///10.Currently, only transactions through the Gate.io App (version 6.10.0 and above) that generate commission earnings via the GateLive Copy Trading function are counted.///11.One user with Sub-Accounts and a Master Account, and multiple accounts with the same KYC information, will be deemed as the same one user, while the trading volume of Sub-accounts wont be counted as that of Master Account.///12.Market makers, corporations, institution accounts and affiliate accounts are not eligible to participate in this event.///13.Users can only receive rewards from one event if participating in other events at the same time.///14.Any cheating behavior is prohibited. An occurrence of any dishonesty will result in the disqualification of the prizes.///15.Where any discrepancy arises between the translated versions and the original English version, the English version shall prevail.///16.Gate.io reserves all rights to the final explanation.///17.This event is not affiliated with Apple Inc. Please note that we may restrict or prohibit the use of all or part of our services (including participation in this event, games, or competitions) in restricted regions, including but not limited to the United Kingdom, the United States, Mainland China, Singapore, Canada, France, Germany, Hong Kong, Lithuania, Malaysia, Malta, Cuba, Iran, North Korea, Sudan, Syria, Crimea, Spain, Luhansk, Donetsk, Netherlands, and Bolivia. Read the User Agreement Section 2.3(d) Restricted Locations for further details on Restricted Locations. Please note that we do not intend to solicit or market to customers in such restricted regions.
Gate.io	https://www.gate.io/announcements/article/34086	Gate Card	Gate Card 2.0 Update: Revolutionizing Your Spending Experience	2024-01-18 09:35:34	2024-09-13 22:42:33	No	Gate Card is thrilled to announce a series of exciting new features that have been progressively launched since November last year, redefining the way our cardholders spend and earn rewards. Heres a look at whats new and what you can look forward to in the near future.///## Enhanced Features for a Superior Spending Experience///**- USDT Instant Cashback (Since Dec 2023):** In a first-of-its-kind initiative, Gate Card now offers 1% instant cashback in USDT on every transaction. Unlike typical reward programs that provide points or platform tokens, our cashback is immediate and tangible, credited directly to your USDT account at Gate.io.///**- Increased Spending Limits (Since Dec 2023): **Understanding your need for higher transaction limits, weve boosted the daily spending cap from 100,000 to 250,000 EUR. Now, you can make larger purchases without any worries!///**- Reduced Fees (Since Dec 2023): **We've slashed our forex fees by 20%, making your international spending more cost-effective. Additionally, ATM withdrawal fees have been partly waived with a free monthly quota, allowing you to access your funds freely. ///**- Google Pay Integration (Since Nov 2023):** Android users, rejoice! Your Gate Card can now be linked to your Google Pay wallet, simplifying your spending experience.///**- VIP Tier Upgrade Feature (Since Nov 2023): **Regular use of your Gate Card now comes with an added perk - the opportunity to elevate your Gate VIP level and enjoy reduced trading fees. ///Click here to Visit Gate Card Page  for more details.///## Exclusive Campaign Offers///To celebrate these updates, we've introduced special offers:///**1.** (New) Gate Card New Year Signup Campaign (Jan 19, 2024 - Mar 15, 2024): Sign up for Gate Card during the period to share a total 1408 USDT prize pool! ///**2.** Win 2X Crypto via Gate Connect  (Dec 27, 2023 - Mar 20, 2024): When you purchase crypto using your Gate Card, you stand a chance to win twice the amount of crypto purchased!///**3.** Double Cashback Welcome Offer  (Nov 22, 2023 - March 31, 2024): New cardholders can enjoy double the cashback as a welcome offer! ///## Whats Next in H1 2024?///**1. Instant Spend with Crypto:** Soon, you'll be able to use your crypto balance for direct spending, converting it to Euros instantly during transactions.///**2. Virtual Card:** After your card is approved, you'll receive a virtual version for immediate online use. Android users can also link this virtual card to Google Pay.///**3. Apple Pay Support:** Were expanding our mobile wallet support to include iOS users, allowing for seamless transactions across platforms.///**4. Expansion to Non-Euro Zone Markets in EEA: **Residents in an additional 10 countries within the EEA will soon be eligible to apply for the Gate Card.///Gate Card is committed to constantly evolving and enhancing our services to meet your needs. Stay tuned for more exciting developments as we continue to revolutionize the way you spend and earn!
Gate.io	https://www.gate.io/announcements/article/33712	Gate Card	Win 2x Crypto by Buying Crypto with a Gate Card via Gate Connect	2023-12-27 03:45:39	2024-09-13 22:42:33	No	From Dec 27 to Mar 20, Gate Card users have the chance to receive double the cryptocurrency when purchasing crypto via Gate Connect. For example, if you buy $100 of BTC using your Gate Card via Gate Connect, you could receive 2x the amount of BTC, and the extra 1X is free. With one winner selected each week, there are several opportunities to win during this event.///**Promotion Period:** December 27, 2023 to March 20, 2024 (12 Weeks)///**Participation:** During the promotion period, buy crypto using your Gate Card via Gate Connect.///**Prizes:** One winner each week receives double the crypto they purchased.///**Campaign Details:** https://gleam.io/vFeyW/buy-crypto-with-gate-card-double-up-your-purchase///Your Gate Card is the key to unlocking the full potential of cryptocurrency in everyday life. The card connects directly to your Gate.io account, where you can convert crypto into fiat for spending anywhere that Visa is accepted in-store or online. Best of all, you receive cashback on most purchases, paid out in USDT monthly. The card is currently available to most residents of the EEA; a waitlist is available for those not currently eligible.///Complementing our cashback crypto card is Gate Connect, a simple way to buy crypto with more than 20+ fiat currencies. With full support for debit/credit and bank transfers and access to Gate.ios highly liquid markets, buying crypto is quick, and the prices are fair.///At Gate.io, we envision a world where using cryptocurrency in everyday life is more accessible and seamless than traditional payment systems. We are realizing this vision through our many innovations, such as the Gate Card and Gate Connect. These solutions are coming together so that utilizing cryptocurrency for everyday spending is more convenient and universal, moving the needle forward on mass adoption.
Gate.io	https://www.gate.io/announcements/article/38299	Token Rename	Gate.io Supports Cyber Arena Token (CAT) Rebranding	2024-08-01 07:42:56	2024-09-13 22:42:35	No	Gate.io will support the rebranding of Cyber Arena Token (CAT) to Cyber Arena Token (CYBERARENA). As part of this process, Gate.io will suspend the deposit, withdrawal, and trading services for Cyber Arena Token (CAT), including CAT_USDT spot trading ad quant grid trading, starting from August 2, 2024, 06:00 A.M. UTC. After the rebranding, Cyber Arena Token will be relisted on Gate.io with the new trading symbol CYBERARENA.///Details:///1) Gate.io will suspend the deposit, withdrawal, and trading service for Cyber Arena Token (CAT), including CAT_USDT spot trading and quant grid trading, starting from August 2, 2024, 06:00 A.M. UTC.///2) Users who have in-progress Cyber Arena Token (CAT) quant grid trading should adjust your trading strategies beforehand. Otherwise, the trades will be terminated automatically before August 2, 2024, 06:00 A.M. UTC.///It is important to note that this rebranding is merely a change in name and does not involve any blockchain migration. ///Gate.io users do not need to take any specific action.///Deposit CAT: https://www.gate.io/myaccount/deposit/CAT///Trade CAT: https://www.gate.io/trade/CAT_USDT
Gate.io	https://www.gate.io/announcements/article/37873	Token Rename	Gate.io Completes Altair (AIR) Rebranding to Altair (ALTAIR) and to Resume Trading	2024-07-15 11:53:00	2024-09-13 22:42:35	No	We are pleased to announce that Altair (AIR) has been successfully rebranded to Altair (ALTAIR) on Gate.io, with the trading symbol changed from AIR to ALTAIR. Users can now check your updated balances in your Transaction History.///It is important to note that the rebranding is merely a change in name and does not involve any blockchain migration.///Gate.io will enable the trading services for ALTAIR and will commence its deposit and withdrawal from July 16, 2024, 06:00 UTC. As the market for new ALTAIR tokens may experience significant fluctuations after trading resumes, we strongly advise users to be aware of the associated risks and exercise caution.///For more details, please refer to:///Gate.io Supports Altair (AIR) Rebranding ///Deposit ALTAIR:  https://www.gate.io/myaccount/deposit/ALTAIR///Trade ALTAIR:  https://www.gate.io/trade/ALTAIR_USDT
Gate.io	https://www.gate.io/announcements/article/37764	Token Rename	Gate.io Completes GM (GM) Rebranding to GM (GMWAGMI) and to Resume Trading	2024-07-09 10:55:56	2024-09-13 22:42:35	No	We are pleased to announce that GM (GM) has been successfully rebranded to GM (GMWAGMI) on Gate.io, and the tokens have been relisted on our platform with the trading symbol changed from GM to GMWAGMI. Users can now check your updated balances in your Transaction History. ///It is important to note that the rebranding is merely a change in name and does not involve any blockchain migration.///Gate.io has enabled the deposit and withdrawal services for GMWAGMI and will commence its trading from July 10, 2024, 06:00 UTC. As the market for new GMWAGMI tokens may experience significant fluctuations after trading resumes, we strongly advise users to be aware of the associated risks and exercise caution.///For more details, please refer to:///Gate.io Supports GM (GM) Rebranding ///Deposit GMWAGMI: https://www.gate.io/myaccount/deposit/GMWAGMI///Trade GMWAGMI: https://www.gate.io/trade/GMWAGMI_USDT
Gate.io	https://www.gate.io/announcements/article/37415	Precision	Gate.io Adjusted Tick Size for Beercoin (BEER),  MEDIEUS (MDUS) and ZELIX (ZELIX)  Spot Trading Pairs	2024-06-24 05:59:34	2024-09-13 22:42:42	No	To improve liquidity and optimize trading experience for our users, Gate.io has adjusted the tick size (the minimum possible price change) for Beercoin (BEER),  MEDIEUS (MDUS), and ZELIX (ZELIX)   spot trading pairs.///See the table below for details:///Tick Size Adjustment for Spot Trading Pairs///Please note:///The adjustment to tick size will not affect existing spot trading orders. After the new tick size comes into effect, orders placed before the tick size change will still be matched with the original tick size.///If you are an affected user, it is advised to change your trading strategy beforehand to minimize the potential impact the change may have on you.///Thank you for your understanding and continued support.
Gate.io	https://www.gate.io/announcements/article/39060	P2P Trading	P2P Advertisers: Compete and Earn Up to 250 USDT Weekly!	2024-09-05 10:49:45	2024-09-13 22:42:44	No	**P2P Advertisers: Compete and Earn Up to 250 USDT Weekly!**///**Attention, P2P Advertisers!**///From **9th September to 10th October**, participate in our weekly ranking events and earn up to 250 USDT in rewards! Compete by increasing your number of orders and trading volume in the following currencies:///**NGN / INR / IDR / RUB / VND**///**Please Sign up by submitting the form below:**///Sign up here!///The top 3 advertisers for each currency will be rewarded as follows:///| Rank Rewards (USDT)  |  Based on Weekly No. of Orders |  Based on Weekly Trading Volume |///|:------------: |:------------: |:------------: |///| 1  |  100 | 150  |///|  2 |  75 | 100   |///| 3  |  50 |  50 |///You have the opportunity to earn rewards in both categories, allowing you to achieve a maximum of 250 USDT each week! ///**Eligibility Requirements:**///- Maintain a 30-day order completion rate of at least 95%.///- Trade with a minimum of 20 unique users.///- Achieve a weekly trading volume of at least $15,000.///- Only sell orders above 20 USDT will be counted towards the ranking.///- Stay online for at least 50 hours per week.///- Ensure the average coin release time is under 15 minutes.///- Merchants who are partcipating this event can not join other Gate.io P2P merchants events at the same time.///Don't miss out! Start trading now and rise to the top from 9th September to 10th October! ///------------
