https://www.gate.io/announcements/activity	Activities
https://www.gate.io/announcements/dau	Bi-Weekly Report
https://www.gate.io/announcements/institutional	Institutional & VIP
https://www.gate.io/announcements/gate-learn	Gate Learn
https://www.gate.io/announcements/delisted	Delisting
https://www.gate.io/announcements/delisted?page=2	Delisting2
https://www.gate.io/announcements/delisted?page=3	Delisting3
https://www.gate.io/announcements/wealth	Gate Wealth
https://www.gate.io/announcements/newlisted	New Cryptocurrency Listings
https://www.gate.io/announcements/charity	Gate Charity
https://www.gate.io/announcements/finance	Finance
https://www.gate.io/announcements/trade-match	Trading Competitions
https://www.gate.io/announcements/deposit-withdrawal	Deposit & Withdrawal
https://www.gate.io/announcements/deposit-withdrawal?page=2	Deposit & Withdrawal2
https://www.gate.io/announcements/deposit-withdrawal?page=3	Deposit & Withdrawal3
https://www.gate.io/announcements/etf	ETF
https://www.gate.io/announcements/fee	Fee
https://www.gate.io/announcements/lives	Live
https://www.gate.io/announcements/gatecard	Gate Card
https://www.gate.io/announcements/rename	Token Rename
https://www.gate.io/announcements/engine-upgrade	Engine Upgrade
https://www.gate.io/announcements/fiat	Fiat
https://www.gate.io/announcements/precision	Precision
https://www.gate.io/announcements/p2p	P2P Trading
https://www.gate.io/announcements	Announcements
https://www.gate.io/announcements?page=2	Announcements2
https://www.gate.io/announcements?page=3	Announcements3
https://www.gate.io/announcements?page=4	Announcements4
https://www.gate.io/announcements?page=5	Announcements5
https://www.gate.io/announcements?page=6	Announcements6
https://www.gate.io/announcements?page=7	Announcements7
